dalmax.games.turnBasedGames.connect4,Brain and Puzzle
com.holfeld.japaneseplusfree,Travel and Local
com.mobileApp.controller,Productivity
com.aarontennyson.calorietracker,Health and Fitness
com.totaldevel.android.todocitas.ads,Books and Reference
com.google.android.voicesearch,Communication
fieldbird.yourself,Lifestyle
com.dmacattack.mpgConvert,Transportation
com.ds.tonsillectomy,Medical
metrofax.android.MobileFax,Productivity
sk.halmi.itimerad,Health and Fitness
com.dreamstep.wPureRomancebyAleacia,Lifestyle
org.flinc.app,Transportation
com.smafundev.android.games.drumspro,Casual
com.socialcast,Business
com.anpow.mechanicaldictionary,Books and Reference
fourandroids.bttoggle,Communication
com.lalitasahasranmacafeinks,Books and Reference
com.dictionary.ta,Books and Reference
kr.Neosarchizo.EyeTraining,Health and Fitness
jp.ne.neko.freewing.CameraDeviceMarketTest0000,Libraries and Demo
com.crystalreality.crystaltv,Media and Video
ro.headlight.RTUI,Shopping
com.painone7.Solitaire,Cards and Casino
loyalblocks.userapp,Shopping
com.synaptik.blocks,Casual
com.juteralabs.gush,Shopping
com.dictionary.te,Books and Reference
com.appmk.magazine.AOTNXENBDOVARBFMJ,Lifestyle
br.eti.fml.satoshi,Finance
com.futonredemption.jasper,Communication
com.hexahis.android.nurcam,Photography
com.dragonplay.slotcity,Cards and Casino
com.FourWheeler.paper,Racing
cantangroup.afrocircus,Books and Reference
com.km.utils.paperplane,Education
com.fastclipper.vfs.vfm30,Media and Video
net.aharm.hoop,Cards and Casino
com.roctechmobile.cartoonthemesongssoundboard,Music and Audio
org.gc,Travel and Local
com.onavo.android.onavoics,Tools
edu.up.ittc.mmda,Transportation
com.nbcnews.today,News and Magazines
com.underwater.fluffy,Casual
com.angel.gkDolphins3d,Personalization
com.pl.byq.platformer.mario.inspired.jacob.world,Arcade and Action
com.groggy.blondjokes,Comics
com.sonyericsson.androidapp.appkey,Photography
com.a164361856850219d5da543e5a.a56903589a,Tools
com.appspot.exploreinandroid2010.animalsound,Education
appinventor.ai_nb12sp.FreeRx,Medical
com.FacebookLeaversApp,Social
com.appspot.swisscodemonkeys.pickup,Social
com.fitch.jewelsquest,Brain and Puzzle
com.app.qrcodereader,Productivity
cc.chess,Brain and Puzzle
dragon.rushing,Arcade and Action
com.wfld.android.weather,Weather
com.sendsms.nearestplacesandmaps,Travel and Local
securenvoy.softtoken.android,Business
com.istomgames.nyanjump,Arcade and Action
com.vienom.kb.rocko,Books and Reference
com.zumba.commerce.android,Health and Fitness
adonai.diary_browser,Social
com.stardev.randomayat,Education
com.pinger.textfree,Communication
com.gi.ksm2.lite,Education
com.dreamcortex.mypetpandigomagicword,Education
com.riadd.cw,Cards and Casino
com.conduit.app_16df8fc0f0a14782974124ca74f01f09.app,News and Magazines
com.ericom.accesstogobyericom,Business
com.digipom.easyvoicerecorder.pro,Productivity
com.sbardyuk.animalphotos,Entertainment
com.goldenapples.mythology,Books and Reference
com.frankburmo.android.tbane,Transportation
com.keradi.instantsounds,Entertainment
air.RadarVideoCall,Social
no.bouvet.kolumbus.routeplanner,Transportation
at.software.vn.collagelove,Photography
ru.worldbestappsangames.mafiaweaponsimulator,Arcade and Action
com.wSpencersGifts,Shopping
com.ryanolson.adw.ubuntu,Personalization
com.rollsroyc3.photoviewerforfacebook,Photography
ebook.epub.download.reader,Books and Reference
jjsoft.mazeworld.demo,Brain and Puzzle
com.panusmos.minicajon,Music and Audio
com.madapper.mycreditscore,Finance
com.webmd.baby,Health and Fitness
com.vascogames.NinjaMotocross2,Racing
com.soni.desi.radio,Music and Audio
fr.cityway.android.vialsace,Travel and Local
com.mosaicturelite,Photography
com.droidappworld.fiveminuteadworkouts,Health and Fitness
net.daum.android.with,Photography
it.sharksoft.streaming,Media and Video
com.cbs.sportsapp.android.text,Sports
com.funny.haha.jokes.alcohol,Comics
com.othelloplus.android.komik,Comics
com.shams.prefix,Communication
ru.galaxyappsandgames.neonstarswords,Entertainment
com.tangowire.app,Social
com.xianqing.driving3d,Racing
air.ynfo.meteowowfree,Weather
com.billybobbain.android.todoqueue,Productivity
air.DAILYDRESSUP,Casual
com.purpletalk.downlaodmanager,Productivity
com.morgoo.launcher,Personalization
jp.co.so_da.android.collon,Photography
org.dougwise.euroconvert,Finance
com.twopersonstudio.games.spit,Cards and Casino
com.learn.scare,Entertainment
com.theaa.aabob.pub,Travel and Local
com.gau.go.weatherex.language.tr,Weather
gr.isystem.makeup,Lifestyle
com.doolabs.fart,Entertainment
com.tizmoplay.androgens,Arcade and Action
download.musikmp3.gratis7,Music and Audio
com.shimba.android.video,Entertainment
com.zodiakactive.lovemirror,Lifestyle
rubberbigpepper.VideoReg,Productivity
com.nextTrainIreland,Transportation
com.incrediapp.fake.call.shake.me.out.of.here.lite,Entertainment
com.felix.nia,Books and Reference
three.football.livewallpaper,Sports
magory.spacebubbles,Casual
com.GameDayMonitor.Football,Sports
com.jollyjollybean.usaffree,News and Magazines
com.proximity3.hdlandscapes,Photography
com.cnasoft.dictek,Books and Reference
com.mdigit.soundwidget,Music and Audio
com.dharmikapps.durgaaarti,Music and Audio
rubberbigpepper.VolumeControl,Music and Audio
mp.andro.ALabyrinth,Brain and Puzzle
ch.racic.comicviewer.beule,Comics
com.ic.myfueltracker,Transportation
com.leventbb.miniimagestudio,Photography
com.ebiz.scarystory,Books and Reference
com.esd.diseasedictionary,Medical
com.androidity.wallpaper.paddock,Racing
com.contapps.android.call_log,Communication
com.music.dj.live.wallpaper,Music and Audio
com.gameinsight.bbdeluxe,Business
com.gau.go.launcherex.gowidget.searchwidget,Personalization
it.beppi.ryzm,Music and Audio
com.jb.gosms.theme.aGalaxyTHeme,Personalization
com.acarasoft.syncmanager,Business
com.czajnik.collage,Photography
com.ensight.android.soundmassage,Health and Fitness
cn.zhenyun.hd.fengjing,Photography
com.pstudio.wallcoin3d,Personalization
com.scb.goodlife.android.sg,Shopping
com.heavensabove,Weather
com.azwstudios.lifequotes,Books and Reference
com.ratrodstudio.driftmania2,Racing
com.mmss.thirukural,Lifestyle
com.cochibo.arrowfree,Transportation
com.piigames.bowman,Arcade and Action
dd.UrduQaida,Education
com.handmark.emoji,Communication
com.qurantahfez.main,Books and Reference
com.kozaxinan.locator,Travel and Local
com.smartdriver,Business
com.dikkar.moodscanner,Entertainment
jp.co.pointzero.cashdozergbp,Cards and Casino
sf.easyplaylist.android,Music and Audio
com.realdriftportnew.sipon,Racing
net.anzix.names,Communication
com.floor51.android.pulsepaper,Personalization
com.digitalchocolate.androidainfinity,Arcade and Action
com.clzman.nesfclite,Tools
com.flaki.systemcleaner,Tools
com.skydev.irctc,Travel and Local
com.feasy.app.memory.HelloKids,Brain and Puzzle
com.doapps.android.mln.MLN_f047badedc87ba99251ba8fb5345f700,News and Magazines
com.lordmarty.mumbleclient,Tools
com.dommainname.ExtremeTruckConstruction,Racing
com.kidga.quadris,Brain and Puzzle
org.hanoo.weathermap,Weather
com.calculator.mortgagePro,Finance
appinventor.ai_wisdomstorylesson.makemoneysellingonebay,Shopping
com.colakey.T61.firstaid.C001,Medical
com.bestserviceapp.l,Transportation
com.lecz.android.tiltmazes,Brain and Puzzle
com.sanfrantranztransitz,Transportation
com.ggdroid.engine,Brain and Puzzle
com.rocky.strawberryclockwidget,Comics
net.ib.notification,Communication
net.l_apps.liquid,Photography
com.drawlogos.net.fifa,Education
jp.co.capa.secure_mailer_lite,Communication
biz.mobilefax.mobilefax_android,Productivity
com.gau.go.launcherex.theme.ZRomantic,Personalization
com.handcent.plugin.groupsms.helper5,Communication
com.pink.keyboard,Personalization
com.Vertifi.DeposZip.P263182794,Finance
com.g6677.android.dus,Casual
com.koolappz.EP77701920001,Business
com.blundell.hit,Health and Fitness
com.smule.magicpiano,Music and Audio
cr.co.trackit.navigar,Travel and Local
com.droidhermes.birdattack,Arcade and Action
com.developer5.musicvk,Music and Audio
com.Cerberus.StreetDrag3DLite,Racing
com.neptunegmc.ziplorer,Tools
mrrykler.android.calccalc,Education
eu.borzaindustries.mileycyrus,Music and Audio
com.sharj.trafik,Transportation
com.Alawar.AlabamaSmithPompeiiLite,Brain and Puzzle
com.odesys.yukon.ads,Cards and Casino
com.kiwitax.gstcalculator,Business
ru.redspell.smallfarm,Casual
com.zeus.nringtones,Music and Audio
com.teamcarbon.theme.gowidget.sulphuryellow_free,Personalization
com.imsi.TurboViewer.Free,Productivity
net.cwfk.ig88.carmode,Transportation
com.AndPhone.game.Sperminator,Arcade and Action
com.mgoldprice,Finance
com.jb.mms.theme.springtime,Communication
com.glu.ewarriors2.pt,Arcade and Action
com.shine.poems,Books and Reference
com.actsoft.awf,Business
com.longcat.drinkingsongs,Music and Audio
com.idonteam.hackwifi,Tools
com.anishu.homebudget.lite,Finance
com.english.numbers.demo,Education
com.vivianaranha.kamasutralite,Lifestyle
com.banjen.app.clothingsize,Shopping
com.crimsonpine.solitairechampionhd.klondike,Cards and Casino
com.sjh.popupcamera,Photography
com.hamt.HamtClock,Social
com.motorola.nfcauthenticator,Personalization
com.poshmark.app,Shopping
com.madrabbit.spotit,Brain and Puzzle
com.pi.app.sms.collection,Social
pk.com.tcs,Business
appinventor.ai_drsalmanshah165.GPE_Ads,Medical
au.com.mcnetwork.motoscooterparking,Transportation
com.max.BreakUpLines,Social
net.the4thdimension.html5supported,Communication
com.alt12.pinkpadpro,Health and Fitness
com.lily.ball,Sports Games
appslabz.EMICalculator,Finance
my.dubstep.rings.first,Music and Audio
br.filipetorio.financas.ajffinance,Finance
com.keyfun.animationpv,Media and Video
com.rememberthemilk.MobileRTM,Productivity
com.ihturkmen.kayyuizle2,Comics
com.timekey.dotsnboxes,Brain and Puzzle
com.appdevcorner.vaktija,Finance
ru.yandex.fotki,Photography
com.retro.clock.grey.widget,Tools
com.radioopt.widget,Tools
com.thunderbull_entertainment.worldcup2013,Sports Games
com.resonos.apps.fractal.ifs,Libraries and Demo
net.strelkov.widget,Personalization
com.cartavi,Business
com.bipmo.phrasebooklite,Travel and Local
appinventor.ai_au_andpoint.Cashflow,Finance
com.the7art.aromaclock,Personalization
com.killerud.donation,Libraries and Demo
com.afl.flirt.view,Social
blackdroid.widget.christmas,Casual
com.machinetoonsapps.wp3dangelswarriors,Personalization
com.epicomm.mobilecoupons,Shopping
com.monkeyfly.android.bubble.TVMonP2,Casual
com.flatter.android.highwayrider,Racing
free.top10.ebooks,Books and Reference
com.vbulletin.vbulletin,Social
com.corocorocat.bijobook,Tools
com.hotteststudio.epubreader,Books and Reference
com.body.fat.estimation.us.navy,Health and Fitness
se.seb.estonia,Finance
livio.pack.lang.es_ES,Books and Reference
com.graytv.android.wtapnews,News and Magazines
com.wTransportinTallinn,Transportation
sitoplex.AutoRecorder,Productivity
com.mstream.etpc,Communication
com.carboni.fightsongs,Sports
app.FinalFutureSMS,Communication
com.wonderbrothers.tubeanywhereonline,Media and Video
jp.co.so_da.android.mangagenerator,Photography
air.com.differencegames.hohauntedhouse,Casual
com.naushad.asaannamaz,Books and Reference
com.itbenefit.android.paperracing,Racing
com.islam.halalcheck,Social
com.gudensoft.nwsservice,Weather
com.simpleirc,Communication
com.amem,Media and Video
com.cyfraplus.canalsport,Sports
air.ferreiradevelopment.helicopterAirRescueLite,Arcade and Action
us.xyzw.star3map,Education
com.obv.google.worldpoolonline,Sports Games
air.org.syncon.ODBViewer,Books and Reference
cmm.jiji2013.dandelion.s4,Personalization
com.garland.giftlistpro,Shopping
it.qbit.nhktv,Media and Video
br.com.hd1.graziani,Education
com.rses.lwp.matrix,Personalization
com.madrabbit.findthedifference,Brain and Puzzle
com.wPDRMBlackListInquiry,Social
slot.game.progressiveslotmachine,Cards and Casino
com.oldschool.Solitaire,Cards and Casino
com.brickdev.android.handymatelite,Business
com.aheadsolutions.hangman.christmas,Brain and Puzzle
com.tappocket.waterpark2,Racing
com.chillingo.deadahead.rowgplay,Racing
net.red_cat.kfccoupon,Shopping
am.tir.z.proximitycamera,Photography
br.com.tapps.myvirtualcat,Casual
PK.KAMKOK,Shopping
com.scottish.whisky.news,News and Magazines
net.ttct.alsalah,Lifestyle
drowning.zebra.allmyenemieslite,Arcade and Action
com.coudriet.weatherradio,Weather
com.androiddevelopermx.blogspot.bone,Medical
org.dilbertapp.bitsraven,Comics
com.smartbench.twelve,Health and Fitness
com.n7mobile.nplayer,Music and Audio
com.sri.healthtips,Health and Fitness
com.arcao.geocaching4locus,Travel and Local
eu.softwareworkshop.liedetector,Entertainment
free.str.vlc,Media and Video
jp.cane.android.cobaltblue3,Tools
com.gameloft.android.ANMP.GloftDKHM,Arcade and Action
ca.uoguelph.cmer.heatstress,Health and Fitness
ru.gelin.android.weather.notification.skin.biggertext,Weather
com.kamoland.ytlog,Tools
com.ezjoynetwork.jewelsminer,Casual
com.game.card,Cards and Casino
factory.widgets.ThreeDDigitalWeatherClock,Weather
pl.hculap.howhotareyou,Entertainment
com.whitepages.cricket411,Travel and Local
sjc.gtc1,Education
com.gau.go.launcherex.theme.Christmascard,Personalization
air.com.dozengames.FloorsEscape,Brain and Puzzle
com.wilcohess.finder,Shopping
com.mshift.android.visionsfcu,Finance
com.lyEffect,Music and Audio
com.bitcasa.android,Media and Video
com.neomit.market.diarios.honduras,News and Magazines
com.heineken.cup,Sports
com.moaibot.sweetyheaven,Casual
tool.media.photo.editor,Photography
com.BirthdayWisher,Social
air.coim,Medical
com.ZnakiZodiakaFree,Lifestyle
sg.megapixel.promo.near.you.PromoNearYou,Shopping
com.caremark.caremark,Medical
com.gameloft.android.ANMP.GloftMTHM,Arcade and Action
drowning.zebra.citystrike,Arcade and Action
pdu.com.codnes,Casual
com.g5e.spiritwalkers.android,Brain and Puzzle
mobi.brainrg.israstocks,Finance
com.mfoundry.mb.android.mb_prdcu,Finance
md.apps.h2o,Weather
me.tidesnear.paid,Weather
com.wsaz.android.weather,Weather
com.app.bao.malaysia,News and Magazines
com.snowbound.pockettool.free,Tools
com.ics.controladorgastos,Finance
tablet.pcs,Shopping
com.KidsMemoryGameBalloons,Brain and Puzzle
couk.yourbusinessapp.darts_score,Sports
com.apkgame8.destroyer2,Arcade and Action
com.xiaad.android.thermometertrial,Weather
com.euptera.taxmaster,Finance
com.grantech.massagemap3dfree,Medical
com.qll.sb009,Education
com.app.samedaycourier,Business
com.ditang.ringtonefree,Music and Audio
com.mobincube.android.sc_E1T1P.app_37807,Health and Fitness
com.fungames4all.abcjigsawpuzzle,Education
com.photo.collage.creator.frame.picture.free.pro,Photography
com.anndconsulting.mancala,Casual
com.zhiyuan.jipin.youlun,Racing
com.superphunlabs.speedgauge,Transportation
play.ibibo.canyoudraw,Brain and Puzzle
com.androidwasabi.livewallpaper.nexus5,Personalization
com.game.good.cribbage,Cards and Casino
com.ethiopianradio.access,Music and Audio
com.project_x.ARShooting,Arcade and Action
com.vvse.sunfacts,Weather
com.gnnetcom.jabraservice,Productivity
com.apacesolutions.letstalkarabic,Education
air.bg.onair.OnAirMobile,Finance
com.tvt.network.portugal,Sports
net.topfuncoolgames.burgerfriends,Casual
jp.dcworks.digitalehon.ashes,Comics
com.g5e.strix.android,Brain and Puzzle
com.system.tool.increase.wifi,Tools
net.manageapps.MrCheckpoint,Transportation
com.andromo.dev189611.app237420,Music and Audio
au.com.mcnetwork.motordealerworkshop,Transportation
com.escogitare.memory,Brain and Puzzle
com.doapps.android.mln.MLN_ae1eaa32d10b6c886981755d579fb4d8,News and Magazines
com.apps.Tides,Weather
com.nellasoft.soccerlive,Sports
jp.sugitom.android.furoneko,Personalization
com.yingwen.advcalfree,Finance
com.enrasoft.scratchthat.placequiz,Brain and Puzzle
it.mtbforum.trainingcamp,Transportation
com.qmind.photohub,Photography
com.paad.turmeter,Health and Fitness
de.esymetric.rungps_lite,Sports
com.jintin.jcurrency,Finance
com.sulaba.circuitracer2,Racing
com.naomicsoft.naomic,Arcade and Action
com.aditya.app,Cards and Casino
com.ebookers.hotel,Travel and Local
droidlabel.blogspot.FootballLiveStream,Sports
com.droidberg.assortedteeadfree,Lifestyle
com.digitaloranges.planetariaxads,Education
eu.zuranski.kzsimplevoicerecorder,Music and Audio
com.ylTop.ylSunset,Personalization
com.yuandroid.touchPTT,Communication
com.xzTechno,Media and Video
com.whiture.ngo.tamil.thirukural.donate,Social
com.demo.android.testing,Libraries and Demo
com.cochibo.arrow,Transportation
net.at4.emt,Transportation
org.hermit.audalyzer,Health and Fitness
com.mobilerise.weather.imp,Weather
com.dencreak.dlcalculator,Finance
com.graphicly.walkingdead1,Comics
com.ittus.flashlight,Tools
com.conduit.app_a82d61eab4fb4c38ad12545edaf810da.app,News and Magazines
com.schwimmer.android.togglebluetooth,Tools
com.unkasoft.android.enumerados,Casual
com.jiubang.goscreenlock.theme.diva,Personalization
de.ibedelmann.as,Music and Audio
com.graphilos.apkinst,Tools
kr.pe.app.kakaogallery,Lifestyle
com.riva.buraco.lite,Cards and Casino
com.cardgame.durak,Cards and Casino
com.tobyyaa.superbattery,Tools
com.manatlan.apps.gainabs,Health and Fitness
com.marmalade.decathlon,Sports Games
sg.gov.nea,Weather
com.animoca.prettyPetSalonHD,Casual
com.ebroadcast.tvguide.au.free,Entertainment
org.icount.beer,Social
nuggetgames.black.light,Lifestyle
com.rundouble.authfivek,Health and Fitness
com.apptoolkit.android.snake,Libraries and Demo
com.classifiedconcepts.app.garagesale.mopa,Shopping
appinventor.ai_stephan_laschet.MadeInEnglish,Shopping
com.lathconsultants.tax_calculator,Finance
com.fannsoftware.batterywidget,Tools
com.Baraban.NewtonCr,Personalization
com.resetgame.par3golf,Sports Games
com.lzPopular,Music and Audio
com.mobage.ww.a1178.Slots777_Android,Cards and Casino
com.won.smartpay,Finance
com.secondphoneapps.SpaLocationJumperFree,Social
virtue.rubens.projects.wedding.album,Books and Reference
com.sachi.shrimad_bhagavad_gita_in_hindi.AOTZADJWMPGTBMD,Books and Reference
com.suremcx,Finance
com.phoneBook.pro,Communication
com.dm.paok,Sports
com.maize.CardMagic,Tools
com.vesperaNovus.app.StartupAuditorFree,Tools
com.xoom.app.seeker.lite,Brain and Puzzle
mk.g6.taxi.taxilondon,Transportation
com.mixmezcla.repelente,Health and Fitness
com.fusionio.imagedistorter,Entertainment
com.peaksel.jesuswallpapers,Books and Reference
jp.us.hi.kaz.pkg,Media and Video
edu.one2onemedicine.oscetrainer,Medical
com.wanted_poster_maker_midtics2,Photography
com.ms_gnet.town,Casual
com.goodsoft.battleship,Brain and Puzzle
migifun.trackbuilder.lite,Arcade and Action
it.pinenuts.technews,News and Magazines
get.daily.bible.verses,Books and Reference
com.innovate.delhimetro,Transportation
com.strato.hidrive,Photography
com.vecal.vcorganizerentplus,Business
teamcorbin.crosslog,Health and Fitness
com.loloworks.llzbs,Arcade and Action
com.camperapp.android.next,Productivity
com.mstocksapp,Finance
br.com.gtlsistemas.imagenspalavra,Brain and Puzzle
com.appmakr.app267241,News and Magazines
com.schichtplan,Productivity
com.androidpixels.watercamera,Photography
es.classe.sppee,Health and Fitness
ru.gelin.android.weather.notification.skin.whitetextplus,Weather
air.com.empiregames.fungirlgames,Casual
com.iparse.maps,Finance
com.HD_Flash_Video_Player_20524,Media and Video
com.airfree.apps.HongKongRadio,News and Magazines
com.sigmaphone.topmedfree,Medical
com.canvasgames.jewel.lite,Racing
com.octopepper.yummypets,Social
com.xtralogic.android.logcollector,Libraries and Demo
com.truecontext.prontoforms,Business
CP.iCarCheck,Transportation
sts.pl,Arcade and Action
com.cbssports.fbb,Sports
com.ezjoynetwork.jewelslink,Casual
zs.redvoznje,Transportation
net.orizinal.subway,Transportation
com.sturtz.daysuntilwidget,Productivity
jp.co.ponos.mrspacelite,Arcade and Action
com.mns.kawbubawuibo,Casual
com.personalitymdfree.app.main,Entertainment
com.ezjoynetwork.fielddefender,Arcade and Action
com.detxxn.memeitor,Comics
com.kiwilwp.livewallpaper.note3,Personalization
com.sg.js.Mahjong,Brain and Puzzle
com.keramidas.MarketUpdateHelper,Tools
com.mgroup.nbook7,Books and Reference
com.hairstyles.school,Lifestyle
com.DoodleText.icons.pack.Valentines1,Libraries and Demo
com.x19.xlive,Communication
com.acesboxing.AcesBoxingClubRoundTimer,Sports
com.secondnature.scoutlook,Weather
com.sinimanes.mobile,Shopping
com.kinostyle.wallpaper.halloween,Personalization
com.adimoleas.android.SuperBlueFree,Communication
com.seekingalpha.dividend,Finance
ekri.bimb.text.com,Social
com.betteryourdroid.donateadollar,Shopping
com.bubblesoft.android.airbubble,Music and Audio
ro.bgx.macao,Cards and Casino
com.v1_4.ultimateeminemapplite.com,Music and Audio
com.luke.tangpoetry,Lifestyle
com.jannis.racer,Racing
com.CastleApp.WhatTheFact,Social
com.appcastnet.easycheckin,Social
com.my186soft.android.shoot,Entertainment
com.tranzmedia.Commodity_Online,Finance
de.applicate.android.numbervalidator,Libraries and Demo
com.sadetta.motocrossmasters.premium,Racing
pl.mobiem.android.tetno,Photography
com.dc.asianageapp.view,News and Magazines
com.vivoti.trueweather3dmaldives,Weather
pt.isec.am.sb.sobedesce,Cards and Casino
com.kfactormedia.mychristmastree,Social
com.thunderbull_entertainment.amazingspeed,Racing
com.endpermian.cliffdiving.free,Arcade and Action
nl.cbal,Music and Audio
com.woio.android.weather,Weather
com.beamwallet,Finance
com.ellipselab.android.transparentscreen.free,Entertainment
pl.nk.m.android,Social
com.navyfederal.android,Finance
mdr.findashboard,Finance
com.jb.gosms.theme.getjar.glass,Personalization
com.bitoon.BasketDudes3PointShotContest,Sports Games
com.ga.emulator.bios,Arcade and Action
com.danielalanhill.railhopper,Transportation
myPantry.Droid,Shopping
co.speeq.plen,Education
com.gau.go.launcherex.theme.abluex.getjar,Personalization
sharma.tutorials.bank_exam_answers,Finance
es.zaragoza.estaziona,Transportation
com.trendsource.msimobile,Business
com.bobisoft.wallpaper.colorfulsmoke,Personalization
com.jppjff.deal,Shopping
com.conduit.app_8c5ef0b0d2154c84a6f979ef9d6043f9.app,Finance
com.asana.app,Productivity
com.aidem.android.solitaire,Cards and Casino
com.desaxedstudios.bassboosterpro,Music and Audio
com.epazzzsoftware.giftsultimatefree,Shopping
com.lunagames.am_Siren,Entertainment
com.gau.go.launcherex.theme.idiwuq,Personalization
com.guywmustang.autorotatewidget,Tools
com.wdl.landidistributori,Transportation
com.apostek.apps.santas_helper,Casual
com.hyb.dota,Arcade and Action
com.thirtySouth.SkiTrackerFree,Sports
com.kpoptube,Media and Video
gps.ils.vor.glasscockpit,Transportation
com.jb.gosmspro.theme.go,Communication
com.sonyericsson.extras.liveware.extension.call_log,Communication
com.asc.android.bartusher,Transportation
com.photofunface,Entertainment
air.com.Spindaboom.LearningUkuleleIn7DaysLite,Education
in.plackal.lovecyclesfree,Health and Fitness
com.dq.fotometro,Tools
com.abdullahsolutions.solatmalaysia,Tools
com.RecordingAppAdcoms,Productivity
com.FireworksLiveWallpapers,Personalization
org.healthmap.outbreaksnearme,News and Magazines
com.juliadictionaryinc.biochemistry,Books and Reference
com.trendygames.DutyDriverTaxiLITE,Racing
com.mobileroadie.app_1339,Shopping
com.klondikecc.photosketch,Photography
com.advancedtinylab.crossthebridge,Racing
com.dipper.brickworld,Casual
com.fashiolista,Lifestyle
com.photofeed.android,Photography
refill.my.metrocard,Finance
net.kreci.crackedscreen,Entertainment
com.flayvr.flayvr,Photography
it.giochipreziosi.cupets,Casual
com.lazy.numberblocker,Communication
com.manbp.easytiepro,Books and Reference
com.a212754645650b4edbb152260a.a88030717a,Health and Fitness
ics.languagepack.cs,Libraries and Demo
com.autonoma.proximityproject,Racing
com.ifanmedia.kfan,Music and Audio
lorvensofttech.com.prabhupada,Lifestyle
jp.grasshopper.android.skydrive,Productivity
com.bloomberg.android.anywhere,Business
fxware.cguide,Finance
com.magmamobile.game.Freecell,Cards and Casino
com.intel.ark,Shopping
com.mydriver.customer,Transportation
com.nordcurrent.happychef2,Casual
com.samsung.contest,Entertainment
com.rally_campions,Racing
com.games2win.trailerparking,Racing
com.mtc,Transportation
com.ap.WootChecker,Shopping
com.ma.android,Shopping
com.casty.android,Photography
com.appbuilder.u16773p104434,Shopping
com.sgn.DressUp.GirlParty,Casual
jp.gr.tokotoko.oggDroid,Libraries and Demo
com.KreatifMuslim.Surah_Yaasin_dan_Tahlil_Arwah,Education
com.oyatsukai.finalfwycoin,Racing
com.dkeesto.digitalfluxfree,Personalization
com.Actiongames.GhostGun.en,Arcade and Action
com.bajic.exyudroidfm,Music and Audio
com.geekadoo,Cards and Casino
com.navaile.checklist,Transportation
com.honeycomber.six.pack.abs.training,Health and Fitness
ws.websca.bitcointicker,Finance
com.osolutionsinc.learnabc,Education
de.zalando.mobile,Shopping
com.blueskyapps.worldcupcountdown,Sports
com.gau.go.launcherex.theme.Kpanda,Personalization
com.greatbytes.fastreboot,Tools
com.quaditworld.Ayurvedic_Herbs,Medical
com.appbuilder.u112617p220198,Media and Video
com.anysoftkeyboard.languagepack.spain,Libraries and Demo
brd.bankingapp.android,Finance
com.jb.gosms.webtheme.clubpenguin,Communication
com.orbar.weezeltheme,Weather
com.dooub.shake.tnshake,Cards and Casino
com.peaksel.makkahlive247,Media and Video
com.jb.gosms.theme.getjar.beach,Communication
us.zig.dslr,Photography
com.appbuilder.u25873p42842,Business
com.runningrico.alienvszombies,Arcade and Action
com.magmamobile.game.Cube,Brain and Puzzle
say.hello.manchesterunited,Sports
com.phdmobi.timescity,Travel and Local
org.herozero,Arcade and Action
com.rangfei.game.plane,Arcade and Action
ch.papers.alights,Lifestyle
com.lylynx.distortedcamera,Photography
com.submad.waterfall.free,Photography
com.sappz.TrackerGPS,Travel and Local
girl.game.bella1,Casual
capitals.quiz.world.national.names.learn,Brain and Puzzle
jp.co.turbulence_design.futsaltacticsboard_free,Business
com.versaedge.android.wdwwaits,Travel and Local
me.fasttest.satwords,Education
dowill.breakPhone,Entertainment
com.herocraft.game.farmfrenzy,Casual
pl.blip20,Social
com.ganzogo.gamelan,Social
com.bestboomgames.bigboatdash,Racing
identity.android.CameraSelfTimer,Photography
air.jp.co.winc.hair.change.free,Photography
denis.doronin.android.currencynbu,Finance
com.sivart.wordcrank,Brain and Puzzle
com.feasy.app.memory.CuteDrops,Brain and Puzzle
com.hzwp.SDJ,Personalization
com.funny.haha.jokes.litterjohnny,Comics
com.rollingstorm.metrominder,Transportation
guardanus.dreamer,Health and Fitness
com.sillycube.android.breakitfree,Arcade and Action
net.kairosoft.android.paddock_en,Racing
com.webcipe.wineguru,Lifestyle
app.rvdonations,Libraries and Demo
com.espo,Transportation
com.polpoc.boobspremium,Brain and Puzzle
com.rss.androidpaper,News and Magazines
com.DJmoon,Health and Fitness
jp.eguchi.android.vpnshow,Communication
com.lego.duplo.trains,Brain and Puzzle
com.livedoor.android.folkat,Social
com.themesfordroid.leopardthemegosmspro,Personalization
jp.co.so_da.android.samuraicamera,Photography
com.apptivateme.next.la,News and Magazines
com.musictapp.djholiday,Music and Audio
com.mobtopus.magiceffectsfree,Photography
mantra.of.all.indian.god,Social
com.wagachat.itunespodcast,Music and Audio
com.tmobile.d411,Communication
com.mantano.reader.android.lite,Books and Reference
com.github.qrgen,Tools
com.naaptol.NaaptolMobileApp,Shopping
com.mjworld.number_fruit2_free2,Education
com.holfeld.koreanwordsfree,Business
com.etrade.mobilepro.activity,Finance
com.jonbolt.dashclock.facebook,Social
com.openkava.cartoon.picture,Photography
com.androlizer.yify.torrent,Media and Video
DDm.Rename.Wallpaper8002,Photography
com.appletreebook.threelittlepigs,Education
com.freetheapps.framesfree,Photography
nz.gen.geek_central.porter_duff_browser,Libraries and Demo
listen.english,Tools
com.meecel.feedreader.RssDemonWhiteAd,News and Magazines
com.rotowire.news,Sports
com.mumblefish.tattooyourself,Entertainment
com.magnolialabs.udr,Lifestyle
com.textalertfree,Communication
com.bookandroid.howtogetwomen,Lifestyle
com.superandroix,Arcade and Action
com.zielok.icecream,Casual
com.battlelancer.seriesguide,Entertainment
com.ravensinc.Musictube,Music and Audio
air.PARISGIRL,Casual
fun.progressus.si,Media and Video
com.collectiveray.aspire,News and Magazines
ch.handyapps.rcrally,Racing
com.mostlyunix.lexiqon,Books and Reference
com.jham.weathercayh,Weather
com.artefactsoft.daf,Medical
com.km.camera.multicamera,Photography
net.kreci.drums,Music and Audio
com.sixpack,Health and Fitness
com.zentertain.slotssaga2,Cards and Casino
za.co.snapplify.peanutscomics,Comics
com.ctinfotech.snake,Cards and Casino
cn.bluesky.classicsokoban,Brain and Puzzle
com.foxkalomaskicrossing.papajohns,Lifestyle
com.loveframes.android,Photography
com.gemoro.basicfit,Health and Fitness
com.playup.android,Sports
com.spinachsoftware.immigration.uscis.casestatus,Transportation
com.target.ui,Shopping
dk.dba.android,Shopping
com.greenlogger.tenis,Cards and Casino
com.funkboxing.led_controller,Libraries and Demo
codecore.widget,Tools
air.top.free.fun.game.Tiny_Robber_Bob,Arcade and Action
com.myitexperts.theocraticradio,Music and Audio
com.degoo.android.feedbaby,Casual
com.coocoo,Transportation
in.lifeinindia.gayatrimantra,Lifestyle
com.app.copticreader,Books and Reference
com.mickolasjae.workout,Health and Fitness
com.gau.go.launcherex.theme.xiaoyaoji,Personalization
com.speed.internet.turbo.booster.fast,Tools
com.secretexit.dismount,Casual
com.softick.android.golf,Cards and Casino
com.azugame.parkingCar,Racing
com.scotiabank.scotiaitrade,Finance
nhu.csie.mazs.taipei_wifi,Communication
com.sun.tracker,Weather
pl.espectrum.cardust.free,Racing
skjelland.net.words,Brain and Puzzle
kr.co.mokey.mokeywallpaper_v3,Social
com.demerjee.CountdownTimer,Tools
com.garmin.android.apps.fitness,Health and Fitness
nadsoft.pythonprogrammingreferencefree,Books and Reference
com.tvt,Media and Video
com.lf.lfvtandroid,Health and Fitness
com.darts501.shoot,Sports Games
com.alrwabeeapp.cartoons,Comics
com.PoliceSiren,Entertainment
com.teachersparadise.japanesealphabetkatakanahandwriting,Education
com.asanka.nightclockhd,Personalization
com.w6soft.videoedit,Media and Video
com.mobilog.ramadhanapp,Lifestyle
com.pjw.atrl,Music and Audio
com.xdroid.iphone4.lighter,Entertainment
com.futurewisetechnologies.mobile.shottimer,Sports
com.ctinfotech.newegg,Shopping
com.mobilereference.TravelIstanbulAppFree,Travel and Local
com.gau.go.launcherex.theme.oserfigl,Personalization
com.diariosperu.android,News and Magazines
com.allsnow.android,Travel and Local
com.teamsoft.copter,Arcade and Action
com.adhdstudios.afwkawaii,Weather
com.hotrod.reference.britishmonarchy,Books and Reference
com.gamereactor,News and Magazines
com.cerience.reader.app,Productivity
com.icloudzone.crazyclimber,Arcade and Action
com.peshal.soundrecorder,Music and Audio
com.apofiss.littlesparrowlite,Personalization
com.appsverse.privatebrowser,Communication
com.clive.scroll,Cards and Casino
com.gamelion.slots,Cards and Casino
com.domobile.iworkout.back,Health and Fitness
com.dingerapps.drtunes,Racing
com.mgna.lametro.bus.checker,Transportation
com.mobimind.aprendecoloreando,Education
com.jiubang.goscreenlock.theme.HallowScarecrow,Comics
nation.android.supernews.nation,News and Magazines
com.sonyericsson.extras.liveview.plugins.taillamp,Lifestyle
com.mikrosonic.DroidVox,Music and Audio
com.paperlit.android.wprost,News and Magazines
hami.nezneika.keeksaver,Communication
com.doenter.android.vpn.fivevpn,Productivity
com.asiaapp.joke.all,Lifestyle
com.appwidget.aurora.battery.mini,Tools
com.apolloss.RCRacer,Racing
air.com.fracturedvisionmedia.MobileApp,Libraries and Demo
com.happy.little.dentist,Casual
com.randomsaladgames.bubblestar,Casual
com.TvStreamer.apps,Media and Video
com.DoodleText.icons.pack.Butterflies,Photography
opotech.starfieldLWP,Personalization
com.androidesimple.multiplicar,Education
com.jw.android.gc,Sports
com.texterity.android.SupplyChainQuarterly,Business
com.remoba.eas.mobile.ui.activity,Business
com.nubee.coinpirates,Cards and Casino
com.msf.opx,Finance
com.g3.android.widgets.internalm,Weather
com.biganiseed.ladder.trial,Productivity
com.samsungimaging.connectionmanager,Photography
com.moodagent.android,Music and Audio
net.gravis.concentration_free,Personalization
irdc.ex03_02,Medical
air.com.mobestmedia.quickescapejail,Brain and Puzzle
com.ainy.luoUniverse,Books and Reference
com.pandacalculator,Education
net.jimblackler.newswidget,News and Magazines
com.objectgraph.scarypiano,Casual
com.fandango.regal,Entertainment
com.outthinking.stickers,Photography
air.AnatomyStarBrain,Medical
com.ldw.android.fishtycoon.lite,Casual
com.samsung.extreme.masking,Photography
bside.extremeambient.net.euro2012,Sports
ru.gelin.android.weather.notification.skin.blacktext,Weather
com.iCubicles.CeKup.ASCamcorder,Media and Video
uk.co.broadbandspeedchecker,Tools
themes.go.launcherex.theme.futuretheme,Personalization
radonsoft.net.trakme,Communication
sud.whereto.GoogleMaps,Travel and Local
com.bmawasy.children.arabicalpha,Education
kr.sira.metal,Tools
com.allah.allah.live_wallpaper.livewallpaper.wallpaper.ramadan,Education
com.tundem.yatzyTJ,Cards and Casino
mds.DragonLords,Arcade and Action
com.dseffects.GoalKeeper,Sports Games
mahmed.net.synctuneswirelessfree,Music and Audio
com.androidwasabi.livewallpaper.parallax,Personalization
com.petralingua.russian,Education
comtube.ipphone.sipua,Communication
se.petersson.abc,Music and Audio
ru.sergpol.currency.lite,Finance
quintoStdio.app.jeebboo,Brain and Puzzle
demo.com.amarphadke.stocks.activity,Finance
org.texteasy,Communication
com.sai.googlemaps,Weather
com.skcomms.android.dotori,Shopping
net.uwho.findme,Social
pt.teixeira.audioplayer,Music and Audio
fi.nordea.mobilebank,Finance
com.imoblife.applock_plug_in,Business
com.bestcoolapps.atifaslamringtone,Music and Audio
de.dper.audioracer,Racing
com.afklm.mobile.android.gomobile.klm,Travel and Local
com.mindgrub.goEnglishChinese,Education
com.discipleskies.android.altimeter,Travel and Local
com.sidheinteractive.sif.DR,Arcade and Action
biz.leho.nevnap,Personalization
appinventor.ai_kraw4enko.Rashod,Transportation
com.game.rrb2.plugin.global,Casual
com.dolcegabbana,Business
co.origami.android,Shopping
com.easyGame,Arcade and Action
flyloopproject.nexttogo,Transportation
com.gamesignacio.Dragons,Arcade and Action
air.jp.ne.hap.footcare,Health and Fitness
pl.baggus.barometr,Tools
com.gau.go.launcherex.theme.Graduate.GG,Personalization
desarrollo.CarLocatorPro,Travel and Local
com.android.dxtop.demo.launcher,Tools
air.net.daum.pix,Photography
www.thebestfungames.com.americanfootballmostfun,Sports Games
com.synacor.client,News and Magazines
guiatvbrlite.com,Media and Video
com.camel.soft.app.simpleautotaskkiller,Productivity
com.nicjansma.minifigcollector,Shopping
com.graphicly.walkingdead13,Social
com.philips.lighting.hue,Lifestyle
com.a11798511885076968372b745a.a90286281a,Medical
com.livewallpapers.lovers3d,Personalization
com.EmWeather.Iconsets,Weather
com.cozi.androiduscellular,Productivity
com.desenvdroid.fnscar,Arcade and Action
air.LomoSpray,Photography
com.nerdattack.sgheadlines,News and Magazines
com.epic.haiku.android,Medical
com.smartmobilesoftware.funnyanimalsfree,Education
de.LiebesBriefDesigner,Social
org.hemelix.Highway.Rider,Racing
droids1.prasad.tirupati3d,Books and Reference
com.color.cars,Racing
com.ctoutpris.android.nixieclockwidget,Productivity
org.peakfinder.area.alps,Travel and Local
com.disney.toystorysmashitfree_goo,Brain and Puzzle
com.georgie.musicvu,Music and Audio
com.taobao.Motocross.a,Racing
com.fleskasoft.bestcomics,Media and Video
com.theronrogers.vaultypro,Media and Video
com.MobileDream,Lifestyle
air.com.aurumapps.google.governorOfPoker2Free,Cards and Casino
com.keithwiley.android.sheadspreet,Business
com.astra.tshirt,Weather
com.js.BabyMassage,Health and Fitness
mob.cool.hd.wallpapers.droid.bg,Photography
com.silvercrk.solitaire_iv_free,Cards and Casino
net.follis.SaleCalc,Shopping
com.csaifdialer,Communication
com.chaks.fifn,Libraries and Demo
com.superApp.fine.Bmwcar,Racing
com.dragonplay.dragonplaypoker,Cards and Casino
com.ispadez,Cards and Casino
air.SWVDemo,Libraries and Demo
com.kjdn.hoon.timer.free,Health and Fitness
com.game.bubbleshootmagic,Casual
kr.goodie.pianochord,Books and Reference
com.content.books.the_art_of_war,Books and Reference
com.codefortravel.skyrim_field_guide,Arcade and Action
kim.travel.second,Travel and Local
com.arian.jamesadventure,Arcade and Action
com.at.autovideosregistrator,Media and Video
com.robotinvader.fooding,Arcade and Action
com.dmf.wall.MoonDragonCherryFree,Personalization
com.wizz.crosswords,Brain and Puzzle
com.jb.gosms.theme.aGanjaTheme,Personalization
com.lhd.crickchamps,Sports Games
cmm.liwenwen.nature.road,Personalization
com.mj.eni2,Business
com.simpleradio.player,Music and Audio
yuku.morneve.app,Books and Reference
com.uncledroid.roadsidekick.lite,Transportation
com.svsgames.orderup,Casual
de.abus.vms.eytron,Business
sg.gov.lta.mytransport,Transportation
com.fxbeta.news,Finance
com.intee.videocutter,Media and Video
com.stuckpixelinc.funnypics,Entertainment
com.truckdelivery,Racing
sg.gov.ura.pmi,Lifestyle
com.ds.need.cool.speed,Racing
com.exam.webvieww,Books and Reference
com.iniya.android.livetv,Media and Video
com.oceanhouse_media.booklcijustforgot_app,Education
com.pingshow.amper,Communication
com.hinditop,Music and Audio
com.tempo.encore,Education
com.goldbug.goldpriceslive,Finance
com.andromo.dev151984.app168829,Shopping
uk.org.managers.managementEssentials,Business
com.undercovertourist.disney.videos,Travel and Local
com.nemustech.ncam,Tools
freecell.card.game,Cards and Casino
com.htcheng.rusdict,Books and Reference
com.ispeech.callerid,Communication
com.digidust.elokence.akinator.freemium,Casual
com.appmakr.app548909,Medical
air.jp.or.nhk.NODPlayer,Media and Video
com.googlecode.chartdroid,Libraries and Demo
com.a91695580850215d487dd554a.a37111909a,Shopping
com.rcplus,Communication
com.toneaphone.soundboard,Entertainment
com.inline.cotyoinu1,Casual
com.arab.cartoon,Media and Video
com.excelatlife.worrybox,Health and Fitness
com.muo.calendarwidget,Productivity
com.sibulamy.simplefeed,News and Magazines
com.twinme.free,Photography
factory.widgets.BillboardDigitalWeatherClock,Weather
com.mindgrub.goenglishfarsi,Education
com.matrixvoid.droidauctionsfull,Shopping
com.momark.ui,Shopping
com.mont,Transportation
com.diskdefrag,Productivity
com.songsFreeMusic,Music and Audio
com.FMGINC.NightlineApp,Social
com.moxtra.binder,Social
com.snappyappz.c_calc,Tools
jp.gr.java_conf.taketake.KyusokuHouden,Tools
com.livingsocial.merchantcenter,Business
net.letscorp.currencywidget,Finance
hk.com.smapp.big2online,Cards and Casino
com.tss21.rightnow.fra.main,Education
net.batteryxl.open,Tools
com.earthflare.anddroid.radioparadisewidget,Music and Audio
com.fluidtime.qando,Transportation
air.com.adobe.DCOMobile,Business
com.beltone.smartremote,Health and Fitness
com.lemondoo.flashlight,Tools
imob.sikh,Entertainment
com.bonrix.android.pos.cashregister,Business
net.cpanel.remote,Business
com.bluemoon.exokFandom,Social
com.akhbar.alalam,News and Magazines
com.harmonicapps.gaio,Productivity
com.fourorange.travelguideindia,Travel and Local
com.free.android.music.player.red,Music and Audio
com.distdevs.rugbynations10,Sports Games
com.enrace.android.instantcollagemaker,Photography
com.mobilepcmonitor,Business
com.alfive.musclestrategy,Health and Fitness
com.terrypaton.unity.pogz2,Sports Games
com.gnomeengineer.safetripornot,Cards and Casino
com.sachi.marathi_aarti_mantra.AOTVLFPYNLFCIMBA,Lifestyle
com.flygresor,Travel and Local
com.funmathtricks.lite,Education
com.roar.liveTraffic.TrafficCamHoustonFree,Transportation
com.bartsource.Miners4k,Arcade and Action
com.evancharlton.fml,Social
com.km.utils.learndraw,Education
com.noodlecake.blockheads,Arcade and Action
com.kayac.nakamap,Social
com.ap.StopTimer,Tools
com.gi.playtales.gold,Books and Reference
com.tearn.kukpubs,Lifestyle
ecolor.com,Photography
de.einsundeins.smartdrive,Productivity
com.fromthebenchgames.fmcor2014,Sports Games
com.androidwasabi.livewallpaper.lotus,Personalization
com.gamelikeapps.footballclubs,Brain and Puzzle
com.ucai.fotomarcoloveedition,Entertainment
com.ululu.android.apps.my_bookmark,Tools
com.cloudspeed.animalsoundsfree,Education
com.Bola5Free,Brain and Puzzle
com.carl.onlinepool,Sports Games
jp.co.livedoor.ldnreader.android,News and Magazines
co.playapp.en.prohockey.boston,Sports
se.easyapp.hammarby,News and Magazines
com.gmail.makoto_onuki.shoryuken,Cards and Casino
com.superApp.fine.lovers,Lifestyle
com.gau.go.launcherex.theme.gfarm,Personalization
com.ffr.LieDetectorFree,Entertainment
pl.araneo.ptr,Transportation
com.starvedia.mCamView,Media and Video
com.gau.go.launcherex.theme.woodenbox.free,Comics
com.bitty.kegelkatfree,Health and Fitness
jagerDevelop.Yoga,Music and Audio
sukuta.aspectcamera,Photography
vladocar.uk.weather,Weather
com.bhtx.indonesiatv,Media and Video
com.mappso.mahabharatkatha,Books and Reference
talking.toy.funny.elephant,Entertainment
com.speedway.mobile,Shopping
com.roidgame.oilpaint,Photography
com.nklsrh.supercricketfree,Sports Games
com.aawaz.dialler,Communication
br.firandrade.sempreflamengo,Sports
com.figuignet.alquraan,Education
ru.ololostudio.android.whisky,Cards and Casino
com.jb.gosms.theme.steampunk,Personalization
com.appsbar.HousePlans144912,Lifestyle
com.tmobile.vvm.application,Communication
com.pawgames.matchmania2,Brain and Puzzle
com.luandungames.DiceGame,Cards and Casino
com.glennbech.nutrinfo,Health and Fitness
com.baydin.boomerang,Communication
com.nbcuni.universal.bournelegacylwp,Media and Video
com.hslsoftware.campeonatoespanhol,Sports
au.com.jtribe.firepin,Travel and Local
com.libiitech.petsalon,Casual
com.hd.live.android.wallpapers.gf.abstraction,Photography
shvutsh.pack.war,Cards and Casino
com.topgmms.cocktailmania,Lifestyle
com.danielpaiva.fart,Entertainment
studio.coldstream.minecraftlwp,Personalization
com.viral.newspapers.sw,News and Magazines
com.ics.weatheronmars,Weather
com.tulsaworld.android.phone.TulsaWorld,News and Magazines
com.kids.cursive.small,Education
joansoft.dailyread,News and Magazines
be1ay.vibro,Health and Fitness
com.samruston.hue,Weather
air.EtCal,Social
com.bulmedia.tv,Media and Video
com.imaginuity.murphyusa,Transportation
com.bubble.pop.wintrino,Casual
com.csipsimple.plugins.codecs.pack1,Media and Video
com.feasy.game.MoleWhack,Casual
av.app.timetravel.lite,Health and Fitness
com.bh.superflashcard.mcat.android,Education
orc.android.localtraffic,Travel and Local
com.xoopsoft.apps.bundesligatwo.free,Sports
dmiseven.games.torpedoattack3dfree,Casual
com.innocomm.innoplayer,Media and Video
com.gau.go.launcherex.theme.fd.immocmoc.fourinone,Personalization
com.gcn.alexjones,News and Magazines
Diggidy.net.Bullion.Tracker.FREE.Widget,Finance
com.medical.surgical.qa.app,Medical
jp.co.so_da.android.horrorcamera,Photography
com.bigduckgames.fireworksarcade,Casual
ba.lum.deserttycoon,Casual
com.josh.jagran.android.activity.hindi,News and Magazines
com.asolab.latestnews,Music and Audio
com.just2me.sg4d,Sports
com.cardtricks,Cards and Casino
com.utooo.android.ruler,Tools
com.texterity.android.Pediatrics,Medical
com.MXMoto,Racing
hisanoryk.train.location,Travel and Local
com.CRW.ShoppingDiscount,Shopping
ar.com.geoidlabs.trucoConVira,Cards and Casino
com.SuccessQuotes.MS,Communication
edu.mit.appinventor.aicompanion3,Education
dz.algerie.android.information,Travel and Local
com.tribok.android.livewallpaper.icsclassic.lite,Personalization
air.com.pepiplay.pepibathandroid,Education
com.ixigo.mypnr,Travel and Local
com.wootus.nutrition,Health and Fitness
com.raz.ioslock,Personalization
female.russiannames.com,Education
com.localradiofree.elsalvador,Music and Audio
com.socialnavinc.ultimatedrive,Transportation
com.nfl.fantasy.android,Sports
com.andtechnology.pouch,Shopping
com.breakingmedia.atl,News and Magazines
com.benjaminholfeld.speakarabicfree,Business
com.accenture.apps.amsapp,Business
com.trainey.nurse,Comics
com.elevate.pioneers.Intelligent_Diary,Lifestyle
com.htcheng.iten,Books and Reference
org.homphysiology.neuroslice,Medical
com.aviary.android.feather.plugins.filters.tidal,Libraries and Demo
com.fbenslim.radiosNederland,Music and Audio
com.softick.android.hearts,Cards and Casino
com.mylocaltv.wfxt,News and Magazines
jp.co.sic.millionaire,Cards and Casino
com.yamaha.npcontroller,Music and Audio
com.gtx.gpstracking,Social
air.NasaSpaceViewer,Weather
com.calls.yemenfon,Lifestyle
at.lightyearapps.gtranslate,Books and Reference
co.romesoft.toddlers.coloringBook,Casual
com.droidpower.phisics.fruits,Brain and Puzzle
com.appletreebook.cinderella,Education
mominis.Generic_Android.Pegland_Deluxe,Casual
com.jakyl.tilestormhd,Brain and Puzzle
com.oldnavy.snapappy,Shopping
com.crompts.game,Cards and Casino
com.claycuckoo.se9012,Libraries and Demo
com.mcd.ui,Lifestyle
com.facebook.pages.app,Social
com.tigrisapps.solitaire,Cards and Casino
com.dlink.srd1.app.shareport,Media and Video
com.pythonlu.xperiaz,Personalization
mobi.magicam.editor,Photography
com.game.treasurerun3d,Arcade and Action
com.egoclean.amipregnant,Medical
com.dodock.footylight,Sports
com.menueph.apps.photography.spynocular,Photography
appinventor.ai_jonsaputo.NurseCalcs,Medical
com.roadhouselabs.wtt,Tools
com.laftimer,Health and Fitness
com.droidsail.dsapp2sd,Tools
com.ammar.oodleviewer,Social
com.zentertain.slotspharaoh,Cards and Casino
com.samsung.smartviewer.light.activities,Media and Video
com.location.banks.finder,Finance
com.Zeiterfassung,Finance
com.SynquaGames.TapCricket13,Sports Games
com.isync.morpho,Medical
com.iwpsoftware.android.ebook.play.william_shakespeare.macbeth,Books and Reference
com.oneupplus.Bike_Rider_Stunt,Racing
com.dogaplayer,Media and Video
androidNin1.Start,Health and Fitness
org.tf.obd2.free,Transportation
com.bskyb.fbscore,Sports
com.jamesmgittins.livewallpaper.doom,Personalization
com.ookapi.sencare,Health and Fitness
com.ww30f6afc588cc90e827ec7673a2b450b5,Travel and Local
org.busbrothers.anystop.rtdbouldertransit,Transportation
com.mertech.calculator,Finance
back.livenumbers,Personalization
com.hong.simpletextwidget,Productivity
appinventor.ai_p_tuttoilmondo.Fools,Entertainment
com.quickprogrammer.pnrtrackerpro,Travel and Local
com.hangfire.fatballlite,Sports Games
com.logistic.hebrew,Business
com.leo.yahooweather,Weather
demo.galmoori.datausage,Tools
com.app.freedomfromfearsandphobias,Health and Fitness
com.emergencylink.elink,Medical
com.onexuan.battery,Tools
com.ylTop.yllanborghini,Personalization
com.mobilemarektingpub.indiantv,News and Magazines
com.keerby.hdvoicerecorder,Music and Audio
com.feasy.app.memory.FootBallMemory,Brain and Puzzle
com.razmobi.games.streetracers,Racing
com.codici89.tripeaks,Cards and Casino
com.rubycell.coloringprincess,Education
com.wesley.trackash,Finance
jp.co.elecom.android.elenote,Productivity
com.zaladonis.isonographerVascular,Medical
com.a816529901501c0df78a0152a.a34210741a,Health and Fitness
com.styleapps.hoardingphoto.frames,Photography
com.wordreference,Books and Reference
com.qwest.mobileaf.android,Communication
com.finessCalculator,Health and Fitness
mmc.medicinalmarijuanacookbookfree,Medical
App.win.conforl3,Libraries and Demo
uk.co.ajp.android.repcalc,Health and Fitness
pl.ficode.milk,Casual
com.patrika.epaper,News and Magazines
com.ggee.vividruntime.gg_1241,Sports Games
com.adictiz.spacedogplus,Arcade and Action
com.gamecircus.PrizeClawSeasons,Brain and Puzzle
com.appdog.android,Social
com.mccorwin.sexdice3DLite,Cards and Casino
com.laan.toys,Entertainment
com.magmamobile.game.MatchUpBuddy,Cards and Casino
uk.co.bbc.android.sportdomestic,Sports
com.guidepal.newyork,Travel and Local
com.dafer45.sugarlog.free,Health and Fitness
com.LiverpoolFanClub,Sports
com.cybopob.CulinaryNotebook,Lifestyle
goodapps1.scarystories,Books and Reference
com.prescient.getRss,News and Magazines
com.monzonito.earthquakealerts,Weather
de.androidcrowd.bmi,Health and Fitness
com.weaverfish.date,Tools
com.gameday.RoomBreak_EscapeNow,Brain and Puzzle
com.moblico.sports,Music and Audio
air.intollogy.photoskin,Photography
com.rrd.jpt,News and Magazines
com.kamikaz3.DrinkOn,Lifestyle
com.loldt.varietyyoyowallpaper,Personalization
ca.roofdog.biketrip,Racing
com.billiard.snooker,Sports Games
uk.co.bitsimple.wheresthebus,Transportation
com.mylocaltv.wxyz,News and Magazines
com.psynet.livescore.center,Sports
edu.utn.frba.gis,Libraries and Demo
com.spreedinc.providers.californianewspaperpartnership.sanjosemercurynews,News and Magazines
com.cognitial.directvremote,Entertainment
com.ansij.tagstagram,Social
finarea.CallPirates,Communication
com.shinycube.android.fun4kids.kidspuzzlegamelite,Brain and Puzzle
air.com.ea.superherocity_row,Arcade and Action
com.gpit.android.safe.Ranger,Communication
com.icicilombard.mcust,Business
com.ieltstestonline.com.writingsampleandmodelfree,Productivity
com.splashpadmobile.hangman,Brain and Puzzle
cz.kamma.folderplayer,Music and Audio
com.dynappmics.skyhk,Weather
com.theptja,Health and Fitness
com.RMT.herzservice,Medical
com.instant.collage.maker,Photography
com.key.guerraLightningLiveWallpaper,Brain and Puzzle
com.tsenov.mtb,Sports
pl.multibank,Finance
com.piigames.darts,Brain and Puzzle
com.mraiyani.gujratidictionary,Books and Reference
com.park.stopwatch,Health and Fitness
com.metamoki.mobwarsmobile,Arcade and Action
microinvest.Restaurant,Business
pl.ayground.twoplayer.tictactoe,Brain and Puzzle
com.androidgamer.osmap,Travel and Local
cn.com.nd.s,Libraries and Demo
com.auto_tool_box,Transportation
com.phonethics.madhuridixitnene,Entertainment
com.andromo.dev4168.app5043,Health and Fitness
com.elex.ram,Arcade and Action
pl.inforit.krzyzowki,Brain and Puzzle
com.qualcomm.sgs.reignofamira,Arcade and Action
net.sunflat.android.papiorange,Arcade and Action
com.kraftnewservices.androidtablet.ifood,Lifestyle
iStudios.fablesandfairytales,Comics
com.foobnix.pdf.reader,Books and Reference
fr.tramb.park4night,Travel and Local
com.toccata.games.adventures,Arcade and Action
com.tgicybermonday.cybermonday,Shopping
au.com.sen.sen1116new,News and Magazines
com.jb.gosms.theme.aRedTheme,Personalization
com.icegame.fruitcrush,Brain and Puzzle
com.heads.up,Brain and Puzzle
com.xoriant.gillidanda,Arcade and Action
com.ralphs.mobile,Shopping
com.mavro.pt.lite,Medical
com.appbuilder.u65655p165996,Social
balofo.game.figures_answers,Brain and Puzzle
com.google.android.diskusage,Productivity
com.AndroidA.ffmpegCodec.armV6,Media and Video
blinds.calculator,Cards and Casino
com.wAmazonia,Shopping
com.subatomicstudios,Arcade and Action
com.vasilchmax,Media and Video
com.blogspot.strogonov.animechristmasdressup,Casual
com.lighthouseaustralia.perthtransit,Transportation
com.advlp.adelemusic,Music and Audio
com.vodafone.androidagent,Business
com.huewu.apps.logtoaster,Libraries and Demo
com.bestactiongames.dannyvszombies2,Arcade and Action
com.freebird.zsp.DailyAccounting,Finance
com.zc.android,Travel and Local
com.onemightyroar.yourather.free,Social
com.music.listener.izmusic,Music and Audio
com.elimmedia.lite.ureka,Education
com.inmatecanteen.secure,Finance
com.nubee.fortunecoins,Cards and Casino
com.avdheshyadav.android.tzconverter,Travel and Local
com.anysoftkeyboard.theme.three_d,Libraries and Demo
com.cc.activity,Social
com.moveme,Transportation
ru.kvins.draw.angels,Education
air.com.differencegames.homagicofchristmasfree,Casual
com.ryger.collegefootballsch,Sports
com.idmobile.spainmeteo,Weather
com.gamezone8.slotscasinoparty,Cards and Casino
com.vucabu.games.puzzle,Brain and Puzzle
com.gau.go.launcherex.gowidget.bookmark,Productivity
com.nit.an9027_003_a00,Lifestyle
com.disney.PirateWars,Arcade and Action
com.wholesum,Health and Fitness
com.spencer.amplifer,Productivity
com.stopwatchapp,Tools
com.indiataps.statebankoftravancore,Finance
ch.comparis.kkmobile,Health and Fitness
com.maxelus.shadowgalaxylivewallpaper,Personalization
seagospel.CUTView,Books and Reference
com.creativeone.islamicapps,Social
com.iheartoliveoil.mobile,Shopping
com.finnjohnsen.wrd.activity,Health and Fitness
com.lambtongames.blackjackplusthreefree,Cards and Casino
com.picsart.kaleidoscope,Casual
com.morningwood.soundboard.thespaceballs,Entertainment
com.MindstormStudios.MafiaFarm,Casual
org.rsoe.android.edis_pms,Tools
com.qbiki.mjnetwork,Business
air.com.thechatroulettegirls.CamCrazy,Media and Video
com.apptuners.phonegenie,Tools
com.rootive.lm.wn2,Books and Reference
com.k2b.smartshare,Social
ginlemon.scratchdemo,Cards and Casino
com.andromo.dev215031.app215145,Shopping
epicandroid.opengl.livewallpaper004free,Personalization
net.willwebberley.gowertides,Weather
samsungupdate.com,News and Magazines
com.electricpunch.dubstephero,Music and Audio
com.doapps.android.mln.MLN_a70fd2e5b22e4a8e0e04ae8f9df49277,Transportation
com.bgames.android.bikerun,Racing
app.appliedlogistics.mobileswipe,Business
com.flisko.euro2012quiz,Sports Games
crazy.students.student,Education
com.apps4free.Colorograph,Health and Fitness
com.avivaindia.mobile,Finance
com.dg.wapc,Communication
com.phoneliving.talkingdracothebatfree,Entertainment
com.dreamland.houseracers,Racing
com.a336191815502b6907d9d4a7a.a64785350a,Sports
com.zenmobi.android.app.nfl.billsnews,News and Magazines
com.thaicook,Health and Fitness
com.themesmaker,Photography
com.roqbot.client,Music and Audio
air.DinoBook2,Education
com.posb,Finance
com.mcpeppergames.games.amazinganimalpuzzlelite,Brain and Puzzle
com.swf.flashgame.player,Media and Video
com.anameka.android.apps.lotteryapp,Sports
ru.yandex.disk,Productivity
air.Truck,Racing
com.wAVM,Social
ie.breakingnews.mobile,News and Magazines
com.training.hello,Travel and Local
pl.avantis.livewallpaper.aquarium.free,Personalization
com.liato.bankdroid,Finance
com.phobos.android.liverpool,Sports
org.busbrothers.anystop.greatercleveland,Transportation
com.riatech.chineserecipes,Lifestyle
air.MakeUp,Casual
com.chronglobal.tidalchronoscope,Weather
com.brightastro.apps,Books and Reference
com.mayeeinfo.freecell,Cards and Casino
com.bloomberg.android,Finance
com.sonyericsson.android.calcinputplugin,Productivity
com.belldevelopers.dragme,Social
com.sunstorm.android.pretzel,Casual
de.frank_durr.panodroid,Photography
com.softteco.ftalk,Social
de.hafas.android.arriva,Transportation
com.handyapps.photowallfx,Photography
android.network.rss,News and Magazines
com.grocerysmarts.grocerylistprofessional,Shopping
com.dessoft.weatherwidget,Weather
com.acontech.android.SmartWebCam,Media and Video
com.funfil.biology2,Books and Reference
com.gml.fw,Arcade and Action
com.tv.online,Business
com.irafa.volleyballfree,Sports Games
com.gtp.nextlauncher.theme.luxury3ddark,Personalization
com.awad.fifa,Sports
com.abMobileApps.stedman,Music and Audio
co.kr.easysoft.fastcamera_free,Photography
com.skcomms.android.mail,Communication
lam.momsapps.fetalultrasound,Social
TC.Android.FinCalc,Finance
com.tagsapp.law.lite,Social
appinventor.ai_mobile.SDEEN,Education
net.golyat.yebisu,Music and Audio
slide.faceFrenzy,Casual
com.good.planet,Education
tw.com.freedi.youtube.player,Music and Audio
com.graphicly.walkingdead7,Health and Fitness
com.appspot.exploreinandroid2010.ToddlerWorldVol1,Education
air.com.esdot.PhotoTouchupLite,Photography
com.waikikisky.tonguetwisters,Comics
com.donutgames.ratonascooterxl,Racing
com.luckyxmobile.babycare,Medical
com.dreamerbros.themask,Entertainment
com.dic_o.dico_cze_ger,Books and Reference
de.seedair.seedairplus3,Social
com.da.promille,Health and Fitness
com.carfax.cvhr,Business
com.bitdefender.tuneup,Tools
de.omsn.bhuio.talkNorwegianFree,Travel and Local
electrum2.drumslite,Media and Video
it.blub.daily,Photography
hdn.android.countdown,Lifestyle
com.kosenkov.alarmclock,Tools
uk.co.economist,News and Magazines
com.tech8.smartwifitether,Communication
eu.tmuapps.busscoutny,Transportation
com.utilno1.newcrayon,Photography
com.lyPolice,Entertainment
mobi.espier.launcher.plugin.controller7,Productivity
opotech.advancedwifilockfree,Tools
com.pokiemagic.PiratesPlunder,Cards and Casino
cn.bluesky.fourinaline,Brain and Puzzle
com.comp1001.roulettelite,Cards and Casino
com.pediatriconcall,Medical
com.quoord.tapatalkpro.activity,Social
air.etaxi,Transportation
com.arlean.radio,Music and Audio
com.myxer.android.unicorn,Music and Audio
com.jiubang.go.backup.ex,Tools
com.pirasmani.android.makeup2.free,Casual
com.anifree.anipet.freshwater.trial,Personalization
it.rortos.f18carrierlandinglite,Arcade and Action
com.n0n3m4.gcc4droid,Libraries and Demo
atticlab.AnnoyingUltraSound,Lifestyle
elbarcosoft.domino3d,Brain and Puzzle
com.ggee.vividruntime.gg_1627,Arcade and Action
com.mobilebeez.javaevolution,Education
division.of.time.BGV,Comics
com.noodlecake.pumpedbmxfree,Sports Games
com.cube.rca,Medical
com.afl.maleforce.android,Social
com.yintro.smstester,Communication
com.FireproofStudios.TheRoom,Arcade and Action
com.san.interiordesign,Lifestyle
com.phanovatives.xtremesoaring3dfree,Arcade and Action
com.crowdcompass.appy8x758Lz5d,Business
com.dexterltd.wifiscanner_lite,Communication
com.moomoogames.dinoboyrushgame,Arcade and Action
com.tani.penguinattack,Arcade and Action
com.michaelfester.weighty,Health and Fitness
com.comeapp,Social
com.gulfnews.newsapp,News and Magazines
com.becapps.easydownloader,Media and Video
com.rootuninstaller.firewall,Tools
vs.studiometronome.free,Music and Audio
af.anatomy.guide,Medical
com.scotiabank.mobile,Finance
com.wEmploiJob,Business
com.rekesh.endo3.git,Medical
com.gau.go.touchhelperex.theme.imusic,Tools
com.appspot.swisscodemonkeys.detector,Libraries and Demo
com.premiumwidgets,Weather
net.uccspace.eng.mother,Books and Reference
com.zixstudio.twitterfollowers,Social
com.mstream.meteorlitewvga,Casual
htcbutterfly.iwallpaperdroid,Media and Video
com.schuetz.showcase,Libraries and Demo
com.wsl.CardioTrainer.widget,Health and Fitness
com.gogii.textplus,Communication
com.tribune.breakingnewschicago,News and Magazines
sh.koorogram.bowling,Sports Games
com.dailyyoga.inc,Health and Fitness
app.near_me,Travel and Local
in.vasudev_vs.google_news_hindi2,News and Magazines
com.arcdroid.sleep,Health and Fitness
kuba.livewall.clocks.regular,Personalization
com.NinjaMoto,Racing
abscom.ppicsbr,Libraries and Demo
Cn.sasj.hop.ring,Music and Audio
com.lrm4android.tgcfFree,Tools
com.zx.sgtrains,Travel and Local
com.wt.TakeoffClothes,Entertainment
com.fivefiftycord.armyfitnesscalc,Health and Fitness
com.dexterltd.hidemyboyfriend_lite,Tools
net.thauvin.erik.android.tiproid,Finance
de.eiswuxe.dinoworld,Brain and Puzzle
com.aviary.android.feather.plugins.stickers.galaxy,Libraries and Demo
cps.mmxi.scroller2,Tools
air.practicecricket,Sports Games
com.vaiable.android.guitarscale,Music and Audio
com.gaudiumsoft.voiceimport,Tools
com.jmhdev.galaxynote2,Tools
com.logo.cars.quiz,Brain and Puzzle
com.andromo.dev62321.app237254,Education
com.fingerpen.christmas,Education
de.fcbayern.android,Sports
com.mhedia.policeradarscanner,Entertainment
com.pilotfishmediainc.knockdownboxes,Casual
net.groceryshopping.StrackandVanTil,Shopping
com.flamboyant.analogclock,Lifestyle
com.alcomi.altwar,Arcade and Action
jp.android.tomapps,Weather
com.thirtymatches.ffffound.lite,Photography
com.dotafx,Entertainment
com.arkay.swamivivekananada,Books and Reference
com.casualforge.HotelMogulHDLite,Casual
com.frenys.android.consejosromnticos,Lifestyle
rymthx.god102209paperi,Racing
susi.android.tabmaster.lite,Music and Audio
com.dinneratmyplace2.com,Lifestyle
com.painone7.Freecell,Cards and Casino
com.custom.inputmethod.keyboard,Tools
com.graphicly.chew4flambe,Comics
Gecko.Droid.PhysicsHelper,Education
com.waikikisky.bestjokes,Comics
com.neusoft.quickprint,Business
abc.ssd.TrafficInfoCheck,Travel and Local
com.vito.labs.wazemod,Tools
com.larryvgs.battery.icons.hdmingliu,Libraries and Demo
army.military.war.tono.ringtone.notification.whats.line.sms.sonidos.sounds.free,Music and Audio
com.reaxion.android,Music and Audio
de.greenrobot.eventperf,Libraries and Demo
org.om3DCAD,Productivity
com.Quotes.Happiness,Lifestyle
com.spotfiles,Media and Video
searchfloor.datehookupdating,Social
org.sleepnova.android.taxi,Transportation
com.SC.Breeze.Home,Lifestyle
com.timesgroup.timesjobs,Business
hobby.demo.hourglass,Casual
com.AmDeeLLC.Desi,Travel and Local
com.socialquantum.acityint,Casual
com.ahn.android.myPetDiary.free,Tools
com.dinakaran.mobile.android,News and Magazines
com.gau.go.launcherex.theme.F.Blackbox,Personalization
com.games4girls.LittlePony,Racing
com.jeevan.gulesider,Communication
org.ngsdev.yadoroid,Travel and Local
com.rocketlobster.wordtrain,Brain and Puzzle
com.hidabrut_test_1,News and Magazines
it.alcacoop.minigolf,Casual
com.arc.huddle,News and Magazines
com.rediff.android.news,News and Magazines
com.dayzeroapps.slotsadventuresfoodie,Cards and Casino
com.andromo.dev11201.app148751,Shopping
radonsoft.net.rta,Music and Audio
md.apps.StopNGo,Transportation
air.talaween.snakeandLadder.english,Arcade and Action
in.mettletech.livescore,Sports
com.freerange360.mpp.acemmejo,Medical
com.gwofoundry.stacksofnotes.lite,Productivity
com.maxelus.infernogalaxylivewallpaper,Personalization
com.woodslink.android.wiredheadphoneroutingfix,Music and Audio
com.gau.go.launcherex.theme.rainy,Personalization
com.dreamtree.diyreader,News and Magazines
com.saurabh.travelguide.bangalore,Travel and Local
com.dwolla.dwolla,Finance
com.devp.emoticons,Lifestyle
domino.reznic.net,Cards and Casino
com.gau.go.launcherex.theme.fire,Personalization
com.lul.vibration.monitoring,Tools
com.codelixir.deshitv,Media and Video
com.aphitex.screensaver.xp1,Communication
com.ronca.galileo,Weather
jp.meloncake.mydocomo,Tools
com.example.android.notepad,Productivity
air.com.fxcm.TSmobileTabletA,Finance
br.com.tapps.donotdisturb,Casual
com.ifd.lite.icd,Shopping
com.localradiofree.greece,Music and Audio
com.appletreebook.monkeyking,Education
com.keyboard.scandinavian.dictionary.german,Tools
org.arrl.repeaterdirectory,Business
callplanets.app.lazy_list,Shopping
obg1.Photaf,Photography
com.subibot.intervals,Music and Audio
com.picus.android,Photography
com.lifesofts.gridphoto,Photography
air.air.Eldhelm,Cards and Casino
com.mkd.bible,Books and Reference
jp.codedesign.android.pocketful,Books and Reference
com.google.phonecard_express,Communication
eu.mihailvelikov.scarsdale,Health and Fitness
com.whatsonindia,Entertainment
com.ccl.vehicules,Transportation
com.toluna.webservice,Social
com.dreamstep.wTornadoWarnings,Weather
jp.butterflycorp.android.casinotown.slot,Cards and Casino
com.coyoteapps.drake,Music and Audio
no.dkit.android.partyboard,Social
com.business.plan.z,Business
com.europeforgottentimes.euoly,Sports
com.dodur.android.tripeak,Cards and Casino
com.mobidhan.main.geeta,Books and Reference
com.riku.aadobepre984,Media and Video
com.tinytoysinc.android_make_pancake,Casual
com.gau.go.launcherex.theme.bluxv1,Personalization
roman10.media.converter.v7vfp3,Media and Video
com.SunMoonWidget,Weather
com.payless.mobile,Shopping
sg.com.maybank2u.Maybank,Finance
com.tvoinetgames.nia,Brain and Puzzle
com.vg.AirplaneFlightSimulator,Casual
younger.lee.newringtone,Music and Audio
org.mikebannion.fbnotifications,Social
com.mindtools,Business
com.CookieJarDevelopment.EMSGuideBook,Medical
com.outthinking.bokeh,Photography
com.riatech.chickenfree,Books and Reference
com.waterbalance,Health and Fitness
com.speakwrite.speakwrite,Productivity
com.ishiptech.radio.malaysia,Music and Audio
com.graphicly.irredeemable3,Comics
com.pcvirt.livewallpaper.beachtrees,Personalization
com.livingsocial.www,Shopping
com.uni_ty.puttergolf,Sports
mx.com.rm.samsung,Entertainment
com.awc.onehundredfilters,Photography
com.finoit.androidgames.tapafish,Casual
com.twopxmob.game.chickenegg,Casual
com.nvison.grocerylist,Shopping
nz.co.remote.fiveHundred,Cards and Casino
com.remodelormove,Lifestyle
com.myibidder.aclient1,Shopping
ch.slf.whiteriskmobile,Sports
com.conduit.app_a8e2bb7e4ad04928b682beffcbec8d6e.app,Lifestyle
com.bootant.crazytankslite,Racing
pl.maxdoman.miningBitcoinMonitor,Sports Games
com.ap.star,News and Magazines
net.idlesoft.android.apps.github,Libraries and Demo
com.MyIndieApp.FreeOldiesRadio,Music and Audio
uk.co.danwms.lfchistory,Sports
com.thedoctorsays.predicktor,Health and Fitness
eu.ol0.meteo,Weather
net.weweweb.android.free.bridge,Cards and Casino
com.cloudninedevelopmentllc.ErikElst_81,Medical
com.sure.tarotgift,Lifestyle
com.easterneast.android.rsswidget,Personalization
alexaeroticvlwp.em.com,Personalization
com.sunil.book.AOULQCFXPIAZGJCET,Books and Reference
com.xlabz.weatherhd,Weather
com.trippoinc.kings,Cards and Casino
com.mobizy,Business
com.droiddevz.toppickuplines,Social
com.elibera.adrivo.dhl,Sports
com.canadadroid.wordmine,Brain and Puzzle
info.solocrowd.android.moonphase.free,Weather
com.applikali.livenewsnepal,News and Magazines
net.fineseed.colorful,Photography
me.snapp.android,Social
com.horseboxsoftware.heathrowairportflights,Travel and Local
jp.co.carview.tradecarview.view,Shopping
com.magzter.champaktamil,Comics
com.firstbankcard.mobilebanking,Finance
com.andlabs.smsts,Books and Reference
com.siro.memeo,Education
com.specialbooks.classiclit.AOTTDFPFCFFKKLDJB,Books and Reference
com.mlssoccer,Sports
com.sash.smsparking,Transportation
smart.movies.android.widget,Entertainment
air.com.differencegames.hofairyforestfree,Brain and Puzzle
com.phresheez.phresheez,Sports
com.webcipe.slickdeals,Shopping
free.jazz.tones,Music and Audio
com.glu.android.bugvillage,Casual
com.flipmycards.jokes.AOTOWCLTPVSTJTWG,Books and Reference
com.ivona.tts.voicebeta.spa.esp.conchita,Communication
air.LineModule,Libraries and Demo
GFR_HO.COM,Medical
jp.co.johospace.jorte,Productivity
com.spreedinc.providers.gatehousemedia.rockfordregisterstar,News and Magazines
hamon05.speed.pac,Cards and Casino
com.ddnmedia.coolguy,Lifestyle
de.eiswuxe.ooorcs,Arcade and Action
com.chunter.gobang,Entertainment
aussie.rules.live,Sports
com.mobileroadie.app_1242,Social
com.silverweather,Weather
com.alawar.hamlet,Brain and Puzzle
com.ishihata_tech.android.mj2,Libraries and Demo
com.gameexcellent.fruitcombos,Brain and Puzzle
com.fivehundredpx.viewer,Photography
com.kfmes.transpose,Music and Audio
com.teragadgets.android.notes,Productivity
com.surya.LD,Transportation
com.peterNT.Maldives,Photography
com.fromthebenchgames.fmbjk2014,Sports Games
com.ScnStudios.CrazyRacing4x4,Racing
com.sancronringtones.sirensb,Entertainment
com.alexd.tracker,Transportation
com.technosoft.BirthDay_Quotes,Social
org.xeustechnologies.android.kws,Business
com.wefi.wefi.beta,Communication
com.imprestyle.color,Casual
com.kodak.view,Productivity
com.domain.android.oscrap,Shopping
talking.toy.funny.donkey,Entertainment
com.trimble.outdoors.hunt.le,Travel and Local
com.inteligeen.callerid.theme15,Communication
com.futuremark.dmandroid.application,Libraries and Demo
com.clickforbuild.khmer_thai,Books and Reference
net.groceryshopping.CountryMart,Shopping
com.mu.mucalendarandroid,Sports
com.taki.lite,Cards and Casino
com.sanfordguideiap.com,Medical
com.genie.streamrss,News and Magazines
com.CollageMakerFree,Photography
info.mypisang.jawi,Books and Reference
com.km.frames.birthday,Photography
de.parfumdreams,Shopping
org.swr3.elchradio,News and Magazines
com.androiddevelopermx.blogspot.convertidorfree,Tools
my.tupac.ringtones,Music and Audio
dk.maxapps.heart,Health and Fitness
com.mobisystems.msdict.embedded.wireless.collins.poslish,Books and Reference
com.hearst.android.wmur,News and Magazines
com.dophan.android.winecellarfree,Lifestyle
net.epsilonzero.hearingtest,Health and Fitness
com.bestpuzzlegames.abstractcolors,Casual
com.studio3wg.monstertruckparking,Racing
com.gadgetcrafts.grblackjack,Cards and Casino
com.mobilebeez.lowerbodyworkouts,Health and Fitness
com.ipcmedia.marieclaire,News and Magazines
com.bit.trollface,Photography
proscio.wallpaper.funnyfountain,Tools
com.nail.art.salon.nuttyapps,Casual
com.eboundservices.khyberTV,Media and Video
com.galaxy.indolivetv,Media and Video
scombroid.android.qldtideapp,Weather
gdecaso.granizo,Weather
com.sonyericsson.extras.liveware.extension.twitter,Communication
com.quoord.tapatalkHD,Social
com.video.hdplayer,Media and Video
com.app_eof.layout,Business
org.killer_balls.killerballsFree,Arcade and Action
com.hutchgames.smashcopsheat,Racing
jp.quan_inc.lovesticker.android,Social
com.jimmychen.app.eyesprotector,Personalization
com.tonado.boli.hermit.hider,Tools
com.refactech.driibo,Social
org.droidgox.card,Cards and Casino
com.jrv.hn.online,News and Magazines
de.ptbv.android.syncmlclient,Business
com.honeywell.mobile.android.totalComfort,Weather
sg.gadgetprice,Shopping
com.mdzshtp.lightmotorace,Racing
mohammad.adib.roundr,Productivity
com.slp.blackdroiddxtop,Personalization
com.hlpth.thaiflood,News and Magazines
me.onemobile.tw,Social
com.eventualtechnology.golf,Sports
com.sds.livelpaper.AOTRGEXKSTKDPTAU,Entertainment
com.riteshsahu.SMSBackupRestore,Tools
com.aigrind.warspear,Arcade and Action
com.ape.scanner.gender,Entertainment
com.appsupNewSongs,Music and Audio
com.appspot.exploreinandroid2010.KidsLogicLite,Education
com.gau.go.launchereX.theme.icecream,Personalization
ee.smkv.calc.loan,Finance
com.king.candycrushsaga,Casual
com.oist.android,Communication
com.frma.audioBookPlayer2,Books and Reference
com.bigbuttons,Productivity
jp.changer,Communication
com.valleydevteam.Sprueche,Lifestyle
com.Magic.Cube3DTreesLiveWallpaper,Libraries and Demo
uk.co.arcdev.android.whatson,Media and Video
com.skycode.atrance.enes.free,Travel and Local
com.kimusoft.labyrinth,Brain and Puzzle
com.handcent.fontpack.pack4,Communication
com.daunmobi.tetrisgame,Brain and Puzzle
com.incorporateapps.fakegps.fre,Tools
egosselin.free.ccourses,Shopping
air.SouthernTouchTech.SpadesFree,Cards and Casino
com.hipipal.qpyplus,Productivity
ie.pumps,Travel and Local
jp.naver.line.android,Communication
ru.yandex.translate,Books and Reference
air.com.youdagames.gop2mobile,Cards and Casino
com.utilno1.supercamera,Photography
com.rockstargames.gtavc,Arcade and Action
com.ani.apps.jokes.sms,Comics
com.doapps.android.mln.MLN_42b39fdb198522d2bfc6b1f64cd98365,News and Magazines
com.oanda.currencyconverter,Finance
ru.krikun.s2e,Tools
com.wHowToManageIrritableBowelSyndrome,Medical
com.newssynergy.kulr,Weather
air.uk.lightmaker.theanda.rules,Sports
com.websms.connector.o2,Communication
home.ethan.lensguide,Photography
com.mylocaltv.kdfw,News and Magazines
com.jjvaca.aznardroidlite,Casual
com.vndynapp.mxmotocross,Racing
com.blinknetwork.blink,Travel and Local
eu.vesuviansoftware.onlynews.gossip,News and Magazines
jp.co.stren.stmaga.ghee02,Comics
com.airwatch.browser,Business
com.tidahouse.newspodj,News and Magazines
com.curvefish.widgets.gpsonoff,Transportation
com.numberpicker.activities,Entertainment
com.hyperkani.dropit,Sports Games
com.mobisfera.prod.dilbert,Comics
com.thisisaim.rteradio,Music and Audio
com.shunya.gita,Books and Reference
com.appseleration.heyho,Communication
com.bnpp.hellobank,Finance
com.elgato.eyetv.tivizen,Media and Video
com.outthinking.instacollagefx,Photography
net.orleaf.android.wifistate.plus,Communication
tmr.smart.mobile,Transportation
com.htcheng.calcmol,Education
system.apps2,Finance
mz.electric.guitar.tuner,Music and Audio
tomicki.pl,Medical
roman10.media.converter,Media and Video
com.appgame7.bubblelink,Brain and Puzzle
com.zensis.nowwidget,News and Magazines
net.mobilecraft.football,Sports Games
jp.co.entaworks.hanabi.lite,Casual
com.dfany.livenature,Lifestyle
com.n225zero.EasyDietRecords,Health and Fitness
com.appmakr.app198487,Media and Video
com.trackaroo.apps.mobile.android.Trackmaster.layouts.logger.TimeDash,Sports
com.personalitiesparser,Lifestyle
com.gau.go.launcherex.theme.z.higan.free,Personalization
com.PYKL3.Radar.Lite,Weather
com.xzPolicecar,Racing
com.flirtomatic.flirtodroid,Social
wiktoria.goroch.bible_ot.AOUGBEWUVNKRBFSK,Books and Reference
org.charlesc.macaubus,Travel and Local
com.robapps.ballsrider,Arcade and Action
com.isrr.app,Music and Audio
com.xtreme_.hairstyleswiththeirhands,Lifestyle
jp.wallpapershot,Photography
com.dw.contacts.free,Communication
com.rahul.DownloadEverythingProo,Tools
air.com.empiregames.housedesign,Casual
in.smartwebs.status_via,Social
com.dev.streetviewzone,Travel and Local
proffesionals.dog.whistle.cat.repelent,Entertainment
com.Doktor3D.Sketcher3D,Education
com.app.PHcalendarOnly,Productivity
com.raytracing.wizapply,Libraries and Demo
com.cyo.comicrack.viewer.free,Comics
com.koranto.myinstaplacegreetings,Photography
com.willhaley.android.mobiledoppler,Weather
uk.co.macsoftware.WWPointsPlusCal,Health and Fitness
com.kayac.photobag,Photography
com.rocky.sunshineclockwidget,Comics
com.mlmtrainingapps_organogoldtraining,Business
net.mobabel.momemofree,Education
droids1.prasad.des.decking,Cards and Casino
cz.cfc.androidgp.sightwordslite,Education
appinventor.ai_bidcoder2010.BakingCooking,Lifestyle
com.wagwan.datemonthstatusbar,Productivity
com.orange.myoffice.row,Business
bys.widgets.shirdisaibaba,Lifestyle
com.Wright.GeorTattooPatternLibrary,Libraries and Demo
com.bruce.android.rain.sounds,Health and Fitness
kr.co.tictocplus,Social
com.adamhogan.android.moleculeviewer,Education
pl.ayground.littlepiano,Casual
com.frames.valentineframesplus,Photography
com.fox.now,Entertainment
com.wolfsoft.dotd,Entertainment
com.azinova.britishmalayali,News and Magazines
or.jp.greenroad.traffic,Transportation
com.in8.id,Media and Video
com.zalebox.celtic.tattoo.set2,Lifestyle
fr.r1.sudoku,Brain and Puzzle
appinventor.ai_wisdomstorylesson.howtowriteabookthatsells,Books and Reference
com.astrotek.dictionary.ylib,Education
com.techpowerup.tpu,News and Magazines
asif.android.app.halalecodes,Books and Reference
faj.holdem,Cards and Casino
com.gau.go.launcherex.theme.usts,Personalization
com.tsf.shell.services.notifier,Productivity
com.letitguide.dcguide,Books and Reference
com.liyuanqin.momentcam.share.effect,Photography
net.ivantis.userinfo.example,Libraries and Demo
com.boodev.socialfall,Social
uk.co.neilandtheresa.NewVignette,Photography
away.message,Communication
mmapps.mobile.anti.theft.alarm,Tools
net.xdevelop.protector3,Tools
com.redcirrus.iFly,Travel and Local
com.xunxin,Health and Fitness
com.brooklynmarathon.api.client.calendar.android,Productivity
appinventor.ai_elliotnoma.NJT_Departures,Transportation
com.gau.go.launcherex.theme.gowidget.taskmanagerex.futureworld,Personalization
jp.co.taosoftware.android.dpiinfo,Personalization
com.simplifynowsoftware.droidsecrettips,Tools
com.videomanagerapp,Media and Video
com.hdvideoplayer,Media and Video
com.viaplay.android,Entertainment
com.freeclassifieds,Casual
com.pickleappstudio.app.BleachMangaViewer,Comics
com.vg.airplaneparking,Racing
com.cbs.sportsapp.android.ncst,Sports
com.sammdesmond.ph2,Brain and Puzzle
com.appmox.naturecasa,Photography
com.hrstudios.chistes,Comics
uk.co.tekkies.plugin.kjv,Books and Reference
com.fiberlink.maas360.android.control.samsung,Business
com.sntown.snchat,Social
com.ap.postdispatch,News and Magazines
nl.ara.demo,Transportation
com.global.radio.Indonesia,Music and Audio
com.av.apps.FairyVillageWeather,Weather
com.metrostarsystems.apps.android.sptogo,Productivity
com.square_enix.android_googleplay.FFIII_GP,Arcade and Action
com.rew.tabla,Music and Audio
com.mertech.hd12c,Finance
com.control.awm,Travel and Local
la.droid.gps,Productivity
com.gowithmyflow.getrippedtrial,Health and Fitness
com.bitartist.beautyshot,Photography
com.transcend.sjc,Tools
com.aura.ringtones.aurachimes,Entertainment
air.com.buffalo_studios.newflashbingo,Cards and Casino
com.zalebox.tribal.tattoo.set2,Lifestyle
au.com.dealsmap.lwp.cube.PackAndroid,Personalization
th.co.truemoney.wallet,Finance
com.benchbee.AST,Tools
net.jjc1138.android.scrobbler,Music and Audio
dk.progressivemedia.pixelinejungleskattenosaoFREE,Arcade and Action
DDm.Rename.Wallpaper8000,Photography
com.vicman.photolab.newyearapp,Photography
com.chris.chatworld,Social
wclear020502.wistars9028five,Racing
fr.smshare,Communication
wheel.slots.leetcom.com,Cards and Casino
com.wsl.bikiniwidget,Health and Fitness
com.honestwalker.kancart.DHgate.activity,Shopping
com.travelchannel.watcher,Media and Video
com.reigndesign.biblepromisesfree,Books and Reference
com.phonegap.breastcancer,Medical
com.appeteria.battery100alarm,Tools
com.hangseng.mobilewalletapp,Finance
com.phunware.undercovertourist.universal.free,Travel and Local
com.everycircuit.free,Education
uk.co.dedmondson.timer.classiclite,Tools
kik.android,Social
uk.co.focusmm.dts_theory_free,Education
com.jappit.calcio,Sports
com.focusmedica.md.medicalhealthdictionary,Medical
appinventor.ai_khalid.ALJ,Transportation
com.mywickr.wickr,Communication
com.akoano.englv2up,Education
jqsoft.apps.mytasks,Productivity
com.superApp.fine.loveheart,Photography
de.DannyDan.TripeaksDL,Cards and Casino
com.kidsfun.matching.classicjewels,Brain and Puzzle
com.brainpub.phonekuk_note,Productivity
cn.easymobi.application.mouse,Media and Video
com.slacker.aol,Music and Audio
com.appspot.londontubetracker,Transportation
com.xidea.AnimalMatch,Education
com.hardworking.millionschool,Brain and Puzzle
com.thirtysixyougames.google.starGirlSingapore,Casual
com.herocraft.game.montezuma2.lite,Brain and Puzzle
com.jin.games.cleverblocks,Brain and Puzzle
noguchi.tango,Education
id.co.viva.launcher,News and Magazines
com.luxdiets.gainingdiet,Health and Fitness
com.runty.translink,Transportation
app.social.weather,Weather
com.vemmabode,Health and Fitness
com.modiface.eyecolor,Photography
net.hexage.reaper,Arcade and Action
com.silicmobile.pcremotecontroller,Media and Video
com.thunderbull_entertainment.footballpenaltyshootout,Sports Games
com.mobilerecharge.plans.ratecutters.tariff,Business
play.games.mj.pp,Cards and Casino
com.softonic.moba,Entertainment
com.diogines.bloodpressure,Medical
com.handyapps.easymoney,Finance
jp.skydesk.print,Business
com.wayn.android.WaynMeetPeople,Social
com.skycore.android.codereadr,Shopping
com.mzSiren,Entertainment
com.bjtapp.newsongs,Music and Audio
com.smapps.android.bills,Finance
biz.app321.musicsearch,Music and Audio
com.spryfox.tripletown,Casual
nu.tommie.inbrowser,Media and Video
com.g5e.pilotbr1,Brain and Puzzle
alvintclam.shopping,Shopping
com.Ampliant.perfectparking,Racing
com.fas,Finance
com.danilov.smsfirewall,Communication
hu.pocketguide,Travel and Local
com.devmiles.mnotes.free,Productivity
com.noriapps.cairoslots,Cards and Casino
com.billdar.Peso2Dollar,Finance
com.svox.classic.langpack.spa_mex_fem_trial,Communication
com.astreo.pictureiq,Brain and Puzzle
devdnua.cookbook,Lifestyle
org.rastaduck.games.projectcyandemo,Casual
com.fadavis.hargrove.nclex.qa.app,Medical
com.appmania.dm3dholidays,Arcade and Action
nz.co.asb.asbmobile,Finance
com.Geography.Quiz.Game,Brain and Puzzle
air.com.seagate.goflexhome,Media and Video
com.dynodroid.dynoreader.mliaad,News and Magazines
com.km.house.broke,Entertainment
com.aapvs.bestapps.jokes.ru.lite,Comics
com.Wright.GeorTattooPattern,Libraries and Demo
com.Map.Speedometer,Tools
com.banjo.android,Social
com.jattcode.instalator,Books and Reference
com.greatbytes.activenotifications,Tools
com.leon.iphoneweather,Weather
com.ianhanniballake.contractiontimer,Productivity
com.iamhuy.singbusguide,Transportation
com.boatbrowser.free,Communication
air.com.sticksports.supersixes,Sports Games
jp.kanagawa.hoshi_m.planisphere,Education
com.densebrain.matemate.transit.dcmate,Transportation
com.dailyyoga.weightlossii,Health and Fitness
com.handson.bloonsdemo,Brain and Puzzle
com.ibills.paytm.mobikwik.freecharge,Shopping
se.suckerpunch,Cards and Casino
com.lily.times.calf1.all,Entertainment
ws.munday.swarm,Tools
com.szymontrapp.jlptVocabulary,Education
pepe.jeans,Music and Audio
com.dommainname.ZombieIsland,Arcade and Action
com.webeditlite.app,Productivity
com.narble.quotes.psychologist,Lifestyle
com.viamichelin.android.michelintraffic,Transportation
com.aka.freemovies,Media and Video
com.jb.gosms.theme.cherryblossomfree,Personalization
com.jiubang.goscreenlock.theme.sense,Personalization
com.ranapps.fbmessengerphotoshare,Photography
edu.stanford.nicd.raytracer,Libraries and Demo
com.lamar.roadninjaapp,Travel and Local
com.readingbee.audiowiki,Books and Reference
com.jb.gokeyboard.theme.christmas,Personalization
com.gogii.textplusrow,Social
de.kingscup,Cards and Casino
com.textmeinc.textme,Communication
com.fingersoft.benjibananas,Arcade and Action
com.xyrality.scarytribes.googleplay,Arcade and Action
com.sgn.DressUp.BrideToBe,Casual
emre.android.bubblesfree,Casual
com.live.wall.papers.xianjing,Personalization
air.com.omgfreegames.HighSpeedChopper,Racing
com.rolltech.nemoplayerplus,Media and Video
com.shdroid.baralert,Shopping
com.jiubang.goscreenlock.theme.greenwonderland.ling,Personalization
com.heycheck.mobile,Photography
com.doolnews.app,News and Magazines
com.dnp.android.gaswala.hpgas,Books and Reference
com.jlsoft.inputmethod.latin.jelly.free,Tools
gfm.camera.packge,Media and Video
tallinn.transport.live,Transportation
com.fishingtimesfree,Sports
com.pixelstrade.carrefour,Shopping
com.locationlabs.cni.sprint,Communication
adec.andro.openrdk.arc,Libraries and Demo
com.magnolialabs.couponsapp,Shopping
com.innovativelanguage.wordpowerlite.hebrew,Education
com.gau.go.launcherex.theme.VALL,Personalization
com.app4joy.united_states_mod_free,Personalization
mobi.shkspr.android.theramin,Music and Audio
com.thisclicks.wiw,Business
com.ablet.psychiatryflashcards,Medical
com.sinkpoint.nextTTC,Transportation
com.lifesofts.photo.naturalframes,Photography
com.roadkill.customsmstoneslite,Communication
com.rubenlcestrela.pharmacies.portugal,Health and Fitness
com.tegtap.solarwarfare,Arcade and Action
roman10.media.amckey,Media and Video
com.flyingballfree.activity,Arcade and Action
cat.ereza.sounds.nasty,Music and Audio
com.keramidas.TitaniumBackup,Tools
android.androidVNC,Tools
com.segopecelus.hargahotel,Travel and Local
com.qdvsoftworks.schematicmind,Productivity
women.hairstyles.darwin,Lifestyle
no.aftenbladet,News and Magazines
com.nuoxygen.ikaroracing,Racing
org.ugosan.hairclipper,Entertainment
tv.cinetrailer.mobile.b,Entertainment
manyapps.net.manibukfree.science,Books and Reference
cc.mannam.gideon.bible.tagalog.v1,Books and Reference
org.contra.elchradio,News and Magazines
com.akvelon.crm.atracker,Business
com.minglebox.android.ieltsapp,Education
com.twitter.jbnu_android,Books and Reference
gs.games.battlecity,Entertainment
com.segopecelus.infobola,Sports
fr.atlassi.meteolocale,Weather
com.g5e.pilotbr2,Brain and Puzzle
com.swellinfo,Weather
tool.music.ringtonemaker,Music and Audio
mydotdev.quranenglish,Books and Reference
com.lihuats.ringtone,Music and Audio
com.picadelic.fxguru,Entertainment
air.com.mingoville.birdistheword,Education
com.eamobile.sims3_row_qwf,Casual
minimaltext.kyledesignedme.adwtheme,Personalization
com.mobileriders.indiangk,Education
com.sinyee.babybus.clothes,Education
com.ste.android.schnopsnfree,Cards and Casino
com.hottagame.slots,Cards and Casino
com.kpmg.insight.urbanization,News and Magazines
com.wordsmobile.soccerkicks,Sports Games
net.comikon.reader,Comics
com.cloudninedevelopmentllc.FelipeACetina_41,Medical
air.com.alisacasino.bingo,Cards and Casino
com.acmeaom.android.myradarpro,Weather
com.all.nfs3dcar,Racing
com.casey.tvplayer,Media and Video
net.jsecurity.printbot,Business
com.local_cell_tracker,Transportation
com.accuretech.ifarz,Books and Reference
com.RRmessage4,Music and Audio
com.anysoftkeyboard.theme.israel64,Libraries and Demo
com.vuzz.snapdish,Lifestyle
com.technoguff.nepaliukhan,Tools
com.blokwise.cnrace,Racing
net.homelinux.penecoptero.android.mhtutorials,Libraries and Demo
com.salem.oneplace,Books and Reference
com.elky.likekids.fr,Education
com.dessoft.testuno,Sports Games
com.aceviral.bikemaniafree,Racing
com.dailyyoga.bstanding,Health and Fitness
com.mobisystems.msdict.embedded.wireless.mcgrawhill.ndh2011,Medical
com.midisheetmusic,Music and Audio
girl.game.halloween1,Casual
com.fusionlogicmobile.nintiesringtones,Music and Audio
pl.tangelo.android.fertilitycalendar,Health and Fitness
com.MessagesToYoungPeople,Books and Reference
com.vascogames.NinjaMoutainBike,Racing
com.inventionspark.debt_calculator,Finance
com.climbingweather.cw,Weather
com.nmbs,Travel and Local
org.chartcreator,Finance
com.appcelerator.titanium,Libraries and Demo
com.marketchison.sticksnipervision,Casual
slo.matto.imenik,Shopping
com.gau.go.launcherex.theme.Johnnyfruitcake.ling,Personalization
eu.borzaindustries.girls_memory,Entertainment
it.sunsea.soccerquiz,Sports
com.medicaljoyworks.prognosis.diabetes,Medical
com.dordev.trollolol,Photography
net.goroid.theend,Arcade and Action
com.umobisoft.igp.viewpics,Photography
com.oddsoft.quicktranslate,Productivity
com.pamperedchef.android,Business
com.xzRaggae,Music and Audio
com.lemondoo.crackyourscreenfree,Casual
sg.com.smrt.smrtconnect,Transportation
com.tkandroid.kpopmv,Media and Video
com.aviary.android.feather.plugins.filters.runway,Libraries and Demo
me.tidesnear.free,Weather
com.FakeYourCallAndSmsLite.Activity,Communication
de.konstrukado.GemischRechner,Sports
appinventor.ai_freebies_freesamples_coupons.Freebies_Coupons,Shopping
com.truecallerindia,Communication
com.lecar.commgoogle,Lifestyle
com.theprojectfactory.quitbuddy,Health and Fitness
com.qll_sb035.android,Education
giil.buylist,Productivity
com.sunlightlabs.android.congress,Productivity
beemoov.amoursucre.android,Social
com.floern.xkcd,Comics
com.lee.lineprofile,Social
com.gmattclark.hcd,Entertainment
net.peakgames.lostjewels,Brain and Puzzle
jp.nmochizu.comiview,Comics
com.sam.trifty,Shopping
aniongap.com,Medical
com.markspace.fliqnotes,Productivity
air.com.freshplanet.games.SongPopPremium,Music and Audio
com.spookyhousestudios.bubbleshootix,Casual
air.FootballDoodFree,Sports
com.iapptitude,Brain and Puzzle
com.bakken.home,Travel and Local
gnu.artinamabayi.android,Books and Reference
com.goomeoevents.emarketing,Business
com.death.love.a,Personalization
com.km.house.burn,Entertainment
com.mozinc.thunderstorm,Health and Fitness
com.arcusweather.darksky.pro,Weather
com.licornesolutions.airasia,Travel and Local
teamtk.net.project.travelguidefree,Travel and Local
com.mudahit.kisahnabiv3,Tools
com.popbox.bubbles.free,Personalization
com.piviandco.agingbooth,Entertainment
com.alpha_aps.plumber,Brain and Puzzle
com.nousguide.android.rbtv,Sports
iec.mycatphotosticker.free,Photography
com.kiaigames.Sprinter,Racing
com.saaranga.wikikannada,Books and Reference
com.decas.BuddhismRingtone,Music and Audio
com.pbs.android.animalpuzzlefree,Brain and Puzzle
com.kodak.wmc.rsscombinedapp,Photography
vn.esse.bodysymbol.hd,Personalization
com.killermobile.totalrecall.trial,Communication
com.aqreadd.lw.clockdown.lite.gle,Lifestyle
org.apache.medicalterm,Medical
com.hardest.ballgame,Brain and Puzzle
com.thomson.druginfo,Medical
com.interactionstudios.CI4.ggl,Arcade and Action
com.dubai.metromap,Transportation
com.djinnworks.StickStuntBiker2.free,Racing
de.PostkartePro,Entertainment
com.samsung.dct.retailagent.phthree.test,Weather
com.henryh.android.supermarketlite,Shopping
app.riseset.sunrise.and.sunset,Weather
com.Audio_Therapy_Binaural_Beats_2,Health and Fitness
com.vivamedia.cmGGTHD,Brain and Puzzle
de.mamru.intervals,Health and Fitness
sg.com.squarefoot,Travel and Local
kr.co.yam3.searchmenu,Health and Fitness
com.daeha.android.app.repeat_ja_ko,Books and Reference
com.sec.android.allShareControl,Media and Video
com.mobileriders.butt.sculpting.exercises,Health and Fitness
